miRNA,46-UMIs,31-UMIs,56-UMIs,1A-UMIs,24-UMIs,57-UMIs,58-UMIs,54-UMIs
hsa-let-7a-2-3p,26,27,45,24,14,49,22,16
hsa-let-7a-3p,17,23,22,31,23,29,14,56
hsa-let-7a-5p,22291,27150,32158,25722,29502,48901,34253,75934
hsa-let-7b-3p,236,115,108,84,120,242,148,233
hsa-let-7b-5p,33758,30466,30641,26053,32728,70290,54542,72038
hsa-let-7c-3p,9,23,25,24,20,30,21,27
hsa-let-7c-5p,4001,4899,6354,6235,4067,10545,6250,12718
hsa-let-7d-3p,71,107,150,107,101,154,206,229
hsa-let-7d-5p,943,803,810,591,804,1436,1280,1647
hsa-let-7e-3p,11,26,17,10,14,15,22,10
hsa-let-7e-5p,2757,3394,3213,2784,2724,5322,2859,6644
hsa-let-7f-1-3p,17,43,28,29,43,41,44,35
hsa-let-7f-2-3p,0,0,0,0,0,37,7,0
hsa-let-7f-5p,28801,47519,54949,51491,38002,55857,38124,113601
hsa-let-7g-3p,4,11,7,13,14,58,16,4
hsa-let-7g-5p,833,935,1152,842,923,1477,1513,2252
hsa-let-7i-3p,0,0,12,0,6,7,24,0
hsa-let-7i-5p,6042,7248,8114,7971,6731,10214,12321,17267
hsa-miR-1-3p,22,28,66,34,45,21,123,37
hsa-miR-1-5p,10,17,11,22,14,13,59,14
hsa-miR-100-5p,153,125,208,114,204,417,249,270
hsa-miR-101-3p,597,589,859,468,591,1321,2055,1396
hsa-miR-101-5p,20,15,20,14,8,13,37,16
hsa-miR-103a-2-5p,55,76,75,67,40,57,105,74
hsa-miR-103a-3p,531,1091,1683,1136,1058,1064,1982,2474
hsa-miR-103b,84,99,121,73,59,93,182,195
hsa-miR-105-3p,17,8,13,19,16,22,23,11
hsa-miR-105-5p,23,47,39,35,64,38,47,33
hsa-miR-106a-3p,2,12,13,0,9,29,9,0
hsa-miR-106b-3p,87,219,297,170,167,353,407,393
hsa-miR-106b-5p,22,21,46,13,20,190,56,20
hsa-miR-107,204,237,307,181,210,310,515,470
hsa-miR-10a-3p,6,21,23,13,16,33,57,23
hsa-miR-10a-5p,108,235,235,164,268,306,743,406
hsa-miR-10b-3p,59,47,42,14,26,129,76,44
hsa-miR-10b-5p,1035,328,578,195,604,2637,736,1033
hsa-miR-1178-3p,25,106,113,122,66,88,104,72
hsa-miR-1178-5p,16,14,17,7,4,11,29,12
hsa-miR-1179,28,11,19,9,10,14,14,33
hsa-miR-1180-3p,128,276,276,207,213,277,518,226
hsa-miR-1180-5p,25,67,63,46,84,64,87,60
hsa-miR-1181,56,109,171,96,72,82,215,113
hsa-miR-1182,93,67,54,12,55,70,57,55
hsa-miR-1183,18,26,18,16,14,15,27,13
hsa-miR-1184,16,14,8,14,22,18,37,21
hsa-miR-1185-1-3p,6,16,21,18,5,10,43,38
hsa-miR-1185-2-3p,0,0,19,6,11,9,23,26
hsa-miR-1185-5p,0,0,10,0,1,15,10,0
hsa-miR-1193,38,77,66,40,45,65,77,58
hsa-miR-1197,9,36,61,40,50,51,35,24
hsa-miR-1199-3p,20,73,37,34,24,37,65,31
hsa-miR-1199-5p,46,87,65,45,39,67,98,73
hsa-miR-1200,124,110,190,80,112,103,273,207
hsa-miR-1202,14,40,58,28,55,44,56,29
hsa-miR-1203,248,350,347,395,180,231,1070,322
hsa-miR-1204,21,138,186,140,62,114,105,116
hsa-miR-1205,17,20,23,11,5,11,33,12
hsa-miR-1206,0,0,0,0,0,5,10,0
hsa-miR-1207-3p,0,0,0,10,0,0,0,5
hsa-miR-1207-5p,24,108,105,92,63,96,77,49
hsa-miR-1208,150,356,419,249,174,195,675,457
hsa-miR-122-3p,17,15,26,16,9,9,37,21
hsa-miR-122-5p,3237,9720,2914,3164,1314,677,10223,4453
hsa-miR-1224-3p,27,60,54,46,129,94,52,30
hsa-miR-1224-5p,93,121,92,61,85,61,172,45
hsa-miR-1225-3p,18,40,35,25,49,76,65,26
hsa-miR-1225-5p,16,60,72,39,146,81,52,42
hsa-miR-1226-3p,93,206,237,216,202,151,695,182
hsa-miR-1226-5p,19,22,51,24,24,48,38,25
hsa-miR-1227-3p,25,42,31,21,26,42,44,28
hsa-miR-1227-5p,22,43,42,48,22,54,68,29
hsa-miR-1228-3p,10,20,15,26,30,28,34,11
hsa-miR-1228-5p,32,111,89,75,52,69,113,47
hsa-miR-1229-3p,28,50,37,28,168,70,46,36
hsa-miR-1229-5p,121,214,176,233,111,165,597,176
hsa-miR-1231,13,43,48,28,26,56,51,27
hsa-miR-1233-3p,13,24,34,22,24,30,34,25
hsa-miR-1233-5p,38,82,108,92,108,88,151,76
hsa-miR-1234-3p,67,380,444,384,210,296,278,299
hsa-miR-1236-3p,19,53,31,22,37,48,47,28
hsa-miR-1236-5p,77,103,145,111,161,131,179,99
hsa-miR-1237-3p,234,175,195,147,74,454,295,239
hsa-miR-1237-5p,72,165,125,140,215,364,140,109
hsa-miR-1238-3p,145,41,116,45,24,31,207,269
hsa-miR-1238-5p,91,74,80,72,47,78,140,88
hsa-miR-124-3p,25,42,29,41,28,28,41,23
hsa-miR-124-5p,50,51,55,36,41,40,299,71
hsa-miR-1243,8,14,12,14,14,12,17,14
hsa-miR-1244,15,34,13,13,26,48,30,9
hsa-miR-1245a,13,12,14,0,8,8,12,0
hsa-miR-1245b-3p,13,15,20,6,26,14,32,20
hsa-miR-1246,150,147,95,54,61,60,259,42
hsa-miR-1247-3p,14,75,55,58,116,48,100,55
hsa-miR-1247-5p,41,102,177,102,176,145,145,116
hsa-miR-1248,14,15,18,2,4,13,14,14
hsa-miR-1249-3p,75,148,157,128,639,294,189,92
hsa-miR-1249-5p,60,84,80,120,66,95,175,68
hsa-miR-1250-3p,50,39,30,32,34,39,53,21
hsa-miR-1250-5p,23,31,36,31,38,35,55,26
hsa-miR-1251-3p,20,22,19,19,18,38,27,21
hsa-miR-1251-5p,12,40,15,16,13,11,24,10
hsa-miR-1252-3p,16,40,54,19,23,17,45,21
hsa-miR-1252-5p,30,31,19,19,20,15,38,36
hsa-miR-1253,15,47,32,19,18,14,57,26
hsa-miR-1254,6,28,16,21,9,15,11,13
hsa-miR-1255a,0,0,9,5,11,0,0,11
hsa-miR-1255b-5p,0,0,12,2,9,11,13,11
hsa-miR-1256,80,197,257,206,188,213,310,158
hsa-miR-1257,28,52,41,39,18,50,85,61
hsa-miR-1258,26,24,21,7,20,21,23,14
hsa-miR-125a-3p,44,64,45,43,35,120,97,75
hsa-miR-125a-5p,581,1925,4595,2685,2201,3665,1792,6232
hsa-miR-125b-1-3p,36,84,128,73,73,94,117,102
hsa-miR-125b-2-3p,87,125,210,77,88,284,187,182
hsa-miR-125b-5p,1722,2392,6477,3663,3058,7854,4606,9463
hsa-miR-126-3p,511,845,3169,650,1564,1342,3932,2064
hsa-miR-126-5p,463,567,1732,457,490,613,2694,899
hsa-miR-1260a,17,33,48,21,30,17,23,33
hsa-miR-1260b,7,31,34,27,29,33,22,62
hsa-miR-1261,11,18,19,7,9,104,22,18
hsa-miR-1262,14,43,37,17,26,36,55,25
hsa-miR-1263,26,40,72,38,22,26,60,53
hsa-miR-1264,15,15,35,19,12,13,26,20
hsa-miR-1265,10,29,36,33,19,34,37,21
hsa-miR-1266-3p,11,24,20,11,19,22,38,16
hsa-miR-1266-5p,1843,2164,2621,2227,1481,1595,4060,2473
hsa-miR-1267,13,23,14,11,4,14,23,19
hsa-miR-1268a,42,70,79,67,84,57,84,66
hsa-miR-1268b,85,174,110,79,143,88,116,91
hsa-miR-1269a,23,24,35,34,18,30,37,29
hsa-miR-1269b,7,26,16,11,20,13,39,18
hsa-miR-127-3p,351,500,543,242,294,1381,1203,2101
hsa-miR-127-5p,17,47,35,36,24,52,35,64
hsa-miR-1270,68,104,141,160,79,127,212,114
hsa-miR-1271-3p,16,66,57,67,95,58,67,31
hsa-miR-1271-5p,0,0,35,14,7,50,22,36
hsa-miR-1272,9,21,17,24,13,19,49,19
hsa-miR-1273a,0,0,20,0,2,7,42,0
hsa-miR-1273c,6,22,31,23,30,16,28,13
hsa-miR-1273d,8,11,16,10,13,7,35,24
hsa-miR-1273e,15,16,41,22,38,43,41,40
hsa-miR-1273f,0,0,11,14,16,13,10,16
hsa-miR-1273g-3p,33,33,29,25,27,35,50,17
hsa-miR-1273g-5p,5,15,8,13,25,12,15,6
hsa-miR-1273h-3p,30,84,77,43,47,66,66,65
hsa-miR-1273h-5p,7,40,18,17,7,16,11,13
hsa-miR-1275,3,26,18,19,13,23,22,28
hsa-miR-1276,45,295,300,401,444,482,260,224
hsa-miR-1277-3p,5,11,0,0,0,0,0,0
hsa-miR-1277-5p,0,0,27,6,6,22,21,18
hsa-miR-1278,2,19,0,0,0,0,0,0
hsa-miR-1279,0,0,13,0,2,0,0,0
hsa-miR-128-1-5p,101,104,103,54,103,68,133,113
hsa-miR-128-2-5p,24,47,29,37,31,42,59,23
hsa-miR-128-3p,384,682,799,787,420,1065,933,1171
hsa-miR-1281,51,161,185,162,169,180,106,152
hsa-miR-1282,0,0,14,11,14,12,12,11
hsa-miR-1284,19,47,50,35,29,35,74,23
hsa-miR-1285-3p,240,334,347,293,120,128,1279,282
hsa-miR-1286,9,34,44,25,13,28,39,18
hsa-miR-1287-3p,199,491,533,448,346,443,978,361
hsa-miR-1287-5p,100,88,77,49,43,95,191,58
hsa-miR-1288-3p,16,26,24,41,12,13,40,15
hsa-miR-1288-5p,49,47,65,40,26,28,76,47
hsa-miR-1289,0,0,13,13,6,7,16,16
hsa-miR-129-1-3p,0,0,15,0,7,1,13,0
hsa-miR-129-2-3p,7,12,21,0,17,10,11,0
hsa-miR-129-5p,99,122,74,50,28,266,137,81
hsa-miR-1290,23,25,33,27,20,17,31,20
hsa-miR-1291,23,29,42,29,9,74,46,30
hsa-miR-1292-3p,34,54,64,43,49,72,60,47
hsa-miR-1292-5p,78,175,196,142,184,203,334,211
hsa-miR-1293,26,41,40,31,36,41,67,36
hsa-miR-1294,47,27,28,24,7,22,61,60
hsa-miR-1295a,8,42,16,18,8,22,29,9
hsa-miR-1295b-3p,20,20,19,22,23,9,42,17
hsa-miR-1296-3p,32,45,30,33,11,22,77,27
hsa-miR-1296-5p,14,27,34,19,31,47,33,21
hsa-miR-1297,5,11,14,0,7,6,14,0
hsa-miR-1298-3p,11,21,17,10,2,6,33,2
hsa-miR-1298-5p,17,20,28,17,19,20,37,16
hsa-miR-1299,96,155,211,260,168,218,524,112
hsa-miR-1301-3p,20,40,32,49,23,39,71,40
hsa-miR-1301-5p,16,24,32,20,8,22,52,21
hsa-miR-1303,21,68,61,33,32,60,77,48
hsa-miR-1304-3p,20,32,40,38,34,30,61,21
hsa-miR-1304-5p,0,0,28,12,34,24,40,18
hsa-miR-1305,45,27,45,33,19,23,122,58
hsa-miR-1306-3p,65,122,130,120,68,92,133,130
hsa-miR-1306-5p,35,50,57,37,63,69,71,94
hsa-miR-1307-3p,1306,4050,4228,3438,3421,4285,6169,3051
hsa-miR-1307-5p,26,75,98,42,64,52,85,44
hsa-miR-130a-3p,213,214,261,179,142,360,419,286
hsa-miR-130a-5p,4,12,19,6,12,44,15,16
hsa-miR-130b-3p,60,109,65,70,53,72,153,100
hsa-miR-130b-5p,34,34,34,17,20,142,46,29
hsa-miR-132-3p,271,486,418,226,714,1128,642,1094
hsa-miR-132-5p,51,84,109,62,128,213,115,275
hsa-miR-1321,6,13,24,14,3,20,14,6
hsa-miR-1322,6,12,15,18,6,6,23,6
hsa-miR-1323,5,19,12,15,11,12,39,18
hsa-miR-1324,16,79,131,160,141,94,105,72
hsa-miR-133a-3p,42,24,39,31,47,32,56,34
hsa-miR-133a-5p,28,68,74,82,117,69,84,67
hsa-miR-133b,53,43,55,46,46,56,59,41
hsa-miR-134-3p,15,34,26,27,18,24,32,18
hsa-miR-134-5p,256,392,289,169,282,1596,1004,1287
hsa-miR-1343-3p,19,69,96,83,57,92,88,60
hsa-miR-1343-5p,32,52,45,36,37,89,84,45
hsa-miR-135a-3p,23,45,33,20,15,27,50,32
hsa-miR-135a-5p,0,0,8,0,15,17,12,0
hsa-miR-135b-3p,45,130,102,151,135,80,198,117
hsa-miR-135b-5p,53,49,37,26,27,110,39,21
hsa-miR-136-3p,27,43,42,37,20,88,68,111
hsa-miR-136-5p,14,9,23,9,13,35,34,23
hsa-miR-137,131,187,204,177,68,138,411,207
hsa-miR-138-1-3p,120,490,461,609,463,878,423,302
hsa-miR-138-2-3p,142,232,342,234,119,168,347,233
hsa-miR-138-5p,171,131,204,156,86,120,409,205
hsa-miR-139-3p,30,28,37,33,35,32,74,22
hsa-miR-139-5p,3,15,22,11,12,9,28,14
hsa-miR-140-3p,171,499,660,443,468,632,667,627
hsa-miR-140-5p,93,176,265,190,92,132,416,224
hsa-miR-141-3p,30,84,256,71,112,131,1941,339
hsa-miR-141-5p,49,88,95,81,70,72,167,81
hsa-miR-142-3p,32,46,146,35,263,76,352,491
hsa-miR-142-5p,130,179,114,60,187,58,790,460
hsa-miR-143-3p,3139,4808,8240,3360,5146,7563,14470,10766
hsa-miR-143-5p,36,85,102,70,77,92,260,91
hsa-miR-144-3p,6,13,15,4,39,5,173,73
hsa-miR-144-5p,0,0,4,3,36,5,57,47
hsa-miR-145-3p,22,33,43,5,17,29,51,23
hsa-miR-145-5p,61,91,111,59,57,93,182,183
hsa-miR-1468-3p,0,0,0,2,0,0,0,10
hsa-miR-1468-5p,26,52,57,37,36,78,83,71
hsa-miR-1469,26,84,63,69,66,99,96,49
hsa-miR-146a-3p,0,0,19,18,9,3,22,17
hsa-miR-146a-5p,608,794,698,602,808,973,1910,1095
hsa-miR-146b-3p,15,44,34,21,24,53,32,24
hsa-miR-146b-5p,135,162,250,105,196,620,312,586
hsa-miR-1470,15,139,161,114,245,235,111,89
hsa-miR-1471,442,468,530,1193,303,882,3527,365
hsa-miR-147a,0,0,13,4,6,0,0,10
hsa-miR-147b,11,10,13,0,2,11,7,0
hsa-miR-148a-3p,1482,2461,2735,2115,1755,4879,6407,3685
hsa-miR-148a-5p,11,36,39,28,17,16,34,34
hsa-miR-148b-3p,227,402,378,301,203,544,632,525
hsa-miR-148b-5p,2,11,10,6,4,0,0,16
hsa-miR-149-3p,39,95,83,55,101,112,78,62
hsa-miR-149-5p,28,49,58,46,31,77,89,55
hsa-miR-150-3p,29,34,34,34,26,69,44,26
hsa-miR-150-5p,60,71,89,55,81,56,123,114
hsa-miR-151a-3p,713,990,1470,1365,753,2587,2371,2540
hsa-miR-151b/151a-5p,74,44,97,70,64,112,80,147
hsa-miR-152-3p,209,465,359,307,223,580,689,521
hsa-miR-152-5p,3105,4418,6553,5620,4499,3872,7095,5156
hsa-miR-1538,36,53,36,47,43,50,62,27
hsa-miR-1539,15,62,41,43,28,39,137,30
hsa-miR-154-3p,11,19,15,14,5,13,33,17
hsa-miR-154-5p,16,36,23,8,10,50,40,42
hsa-miR-155-3p,11,5,0,0,0,1,11,0
hsa-miR-155-5p,28,78,85,39,78,82,106,108
hsa-miR-1587,27,60,43,37,31,33,69,43
hsa-miR-15a-5p,207,131,213,80,135,164,757,345
hsa-miR-15b-3p,24,55,47,33,24,47,75,44
hsa-miR-15b-5p,124,145,227,148,198,244,536,286
hsa-miR-16-1-3p,0,0,0,0,0,2,11,0
hsa-miR-16-2-3p,143,87,108,55,85,277,197,296
hsa-miR-16-5p,18682,23191,21373,13266,20243,24868,74293,48697
hsa-miR-17-3p,5,15,16,15,9,13,20,11
hsa-miR-17-5p,23,32,60,58,43,65,49,71
hsa-miR-181a-2-3p,17,19,19,20,25,48,40,23
hsa-miR-181a-3p,28,91,37,53,25,138,144,26
hsa-miR-181a-5p,148,139,111,74,138,157,203,120
hsa-miR-181b-2-3p,15,9,25,0,13,12,27,0
hsa-miR-181b-3p,0,0,0,8,0,0,0,12
hsa-miR-181b-5p,98,64,50,45,51,89,126,57
hsa-miR-181c-3p,43,42,60,48,46,80,70,58
hsa-miR-181c-5p,32,20,31,24,33,22,31,23
hsa-miR-181d-3p,10,21,20,26,13,25,30,12
hsa-miR-181d-5p,18,30,23,17,11,27,31,17
hsa-miR-182-3p,20,10,20,14,4,11,39,43
hsa-miR-182-5p,44,68,76,27,94,50,381,228
hsa-miR-1825,22,20,19,13,9,8,12,13
hsa-miR-1827,24,32,39,19,36,26,30,27
hsa-miR-183-3p,21,29,18,23,12,38,102,25
hsa-miR-183-5p,16,39,60,37,49,36,254,114
hsa-miR-184,28,56,27,47,35,113,71,34
hsa-miR-185-3p,45,47,36,27,29,32,53,41
hsa-miR-185-5p,201,335,398,310,288,282,1219,834
hsa-miR-186-3p,9,25,11,0,11,22,13,0
hsa-miR-186-5p,33,76,146,105,63,99,198,206
hsa-miR-187-3p,66,82,65,77,51,76,197,74
hsa-miR-187-5p,48,35,63,29,42,60,80,38
hsa-miR-188-3p,77,167,192,92,165,170,278,106
hsa-miR-188-5p,7,19,17,24,10,11,19,14
hsa-miR-18a-3p,0,0,16,10,6,5,11,9
hsa-miR-18a-5p,6,18,27,20,25,159,21,20
hsa-miR-18b-3p,8,17,16,0,10,17,17,0
hsa-miR-1908-3p,53,110,124,81,118,129,177,95
hsa-miR-1908-5p,31,90,82,52,47,79,82,57
hsa-miR-1909-3p,27,50,50,38,44,51,49,30
hsa-miR-1909-5p,39,134,149,85,76,141,947,127
hsa-miR-190a-3p,0,0,0,4,0,18,17,13
hsa-miR-190a-5p,37,92,118,121,59,91,119,141
hsa-miR-190b,15,44,29,35,30,48,49,36
hsa-miR-191-3p,20,95,49,49,28,32,44,66
hsa-miR-191-5p,689,1521,2300,2105,1223,1816,2185,3465
hsa-miR-1910-3p,40,36,39,18,23,25,33,64
hsa-miR-1910-5p,11,30,58,37,28,22,65,33
hsa-miR-1911-3p,4,15,16,11,4,69,16,11
hsa-miR-1911-5p,0,0,12,10,5,24,25,9
hsa-miR-1912,12,8,0,0,0,15,21,0
hsa-miR-1913,27,42,43,38,90,73,58,32
hsa-miR-1914-3p,18,23,26,32,20,38,30,32
hsa-miR-1914-5p,25,71,45,35,31,73,61,35
hsa-miR-1915-3p,34,125,93,72,170,147,154,74
hsa-miR-1915-5p,52,101,138,105,53,101,129,95
hsa-miR-192-3p,22,95,81,77,91,110,52,56
hsa-miR-192-5p,104,426,139,159,105,167,437,273
hsa-miR-193a-3p,19,23,18,23,9,14,24,13
hsa-miR-193a-5p,124,289,329,234,217,334,596,229
hsa-miR-193b-3p,9,26,26,11,14,31,38,21
hsa-miR-193b-5p,148,257,125,83,164,761,404,199
hsa-miR-194-3p,7,19,22,16,24,17,26,17
hsa-miR-194-5p,121,204,119,116,62,73,416,146
hsa-miR-195-3p,3,35,33,37,12,57,32,31
hsa-miR-195-5p,282,355,731,274,535,2223,738,1192
hsa-miR-196a-3p,6,17,14,4,5,14,30,16
hsa-miR-196a-5p,33,12,19,24,18,53,80,259
hsa-miR-196b-3p,29,28,17,11,22,90,31,31
hsa-miR-196b-5p,25,41,85,25,49,65,208,114
hsa-miR-197-3p,2396,2912,3685,2648,3278,2399,3499,3797
hsa-miR-197-5p,31,74,42,39,67,61,113,25
hsa-miR-1972,7,27,25,26,12,52,15,17
hsa-miR-1973,3,10,0,0,0,0,0,0
hsa-miR-1976,20,37,33,23,45,47,39,28
hsa-miR-198,8,30,33,17,11,29,26,17
hsa-miR-199a-3p,8913,4870,7475,3637,5618,14994,10888,12146
hsa-miR-199a-5p,106,45,86,47,51,121,180,155
hsa-miR-199b-3p,2032,828,1006,637,877,2496,1660,1986
hsa-miR-199b-5p,19,58,80,60,39,56,104,73
hsa-miR-19a-3p,11,9,44,24,19,40,66,52
hsa-miR-19a-5p,1,52,0,0,0,0,0,0
hsa-miR-19b-1-5p,11,8,0,4,0,6,14,10
hsa-miR-19b-2-5p,11,13,0,0,0,10,11,0
hsa-miR-19b-3p,15,78,134,69,53,140,196,178
hsa-miR-200a-3p,38,27,93,40,50,100,850,243
hsa-miR-200a-5p,21,52,46,43,33,32,78,48
hsa-miR-200b-3p,27,41,121,36,75,124,826,279
hsa-miR-200b-5p,19,18,23,12,17,16,88,40
hsa-miR-200c-3p,34,50,136,69,120,154,1258,261
hsa-miR-200c-5p,16,28,24,26,17,225,55,16
hsa-miR-202-3p,3717,4039,2335,1234,3539,11996,4539,3566
hsa-miR-202-5p,559,1365,2766,1878,1186,4835,2235,3726
hsa-miR-203a-3p,1276,882,5957,656,1211,520,58553,731
hsa-miR-203a-5p,21,37,31,9,9,13,89,14
hsa-miR-203b-3p,38,17,28,23,19,27,138,31
hsa-miR-203b-5p,259,113,552,68,152,56,4569,79
hsa-miR-204-3p,12,20,17,10,13,30,40,17
hsa-miR-204-5p,7,20,47,14,28,60,17,54
hsa-miR-205-3p,13,13,25,9,18,19,42,19
hsa-miR-205-5p,128,144,762,115,135,132,6405,440
hsa-miR-2052,5,11,0,0,0,0,0,0
hsa-miR-206,9,19,12,12,15,26,29,11
hsa-miR-208a-3p,0,0,11,4,8,8,11,10
hsa-miR-208a-5p,85,278,217,186,286,314,244,144
hsa-miR-208b-3p,12,30,28,14,11,10,41,13
hsa-miR-208b-5p,14,13,19,23,6,12,15,10
hsa-miR-20a-3p,0,0,0,0,0,2,14,0
hsa-miR-20a-5p,130,227,305,213,176,277,418,408
hsa-miR-20b-3p,0,0,0,0,0,4,11,0
hsa-miR-20b-5p,44,90,128,91,30,131,109,81
hsa-miR-21-3p,48,57,93,71,50,133,115,105
hsa-miR-21-5p,8638,11834,10417,6031,9939,25382,22812,17782
hsa-miR-210-3p,61,127,241,116,44,187,305,142
hsa-miR-210-5p,11,37,31,19,39,41,46,24
hsa-miR-211-3p,15,37,42,35,25,28,39,17
hsa-miR-211-5p,478,214,320,247,80,145,456,361
hsa-miR-2110,33,101,66,66,74,161,115,41
hsa-miR-2113,13,6,17,7,6,73,26,29
hsa-miR-2114-3p,8,127,0,8,0,0,0,10
hsa-miR-2114-5p,27,97,47,31,36,48,40,27
hsa-miR-2115-3p,8,134,17,8,10,13,18,10
hsa-miR-2115-5p,29,42,59,23,38,27,58,58
hsa-miR-2116-3p,15,21,28,16,12,44,38,19
hsa-miR-2116-5p,43,47,49,39,41,44,92,38
hsa-miR-2117,13,15,30,13,17,12,32,28
hsa-miR-212-3p,52,47,52,59,32,60,131,114
hsa-miR-212-5p,16,15,16,17,22,31,33,36
hsa-miR-214-3p,44,33,57,22,43,66,61,67
hsa-miR-214-5p,7,18,12,5,14,12,17,13
hsa-miR-215-3p,8,12,14,12,10,9,18,12
hsa-miR-215-5p,42,36,43,45,31,16,43,17
hsa-miR-216a-3p,2,10,25,10,10,15,14,13
hsa-miR-216a-5p,10,26,50,20,34,40,60,26
hsa-miR-216b-3p,22,62,75,38,37,53,82,59
hsa-miR-217,64,153,129,203,121,136,293,105
hsa-miR-218-1-3p,58,54,59,67,43,63,108,49
hsa-miR-218-2-3p,449,819,905,1251,554,669,2063,696
hsa-miR-218-5p,31,61,100,41,67,84,114,117
hsa-miR-219a-1-3p,20,30,42,29,24,15,57,19
hsa-miR-219a-2-3p,5,12,13,0,9,10,14,0
hsa-miR-219a-5p,0,0,10,0,8,7,10,0
hsa-miR-219b-3p,12,17,12,8,11,6,24,21
hsa-miR-219b-5p,3681,16799,20853,18329,16345,16325,37705,12035
hsa-miR-22-3p,118,415,450,161,198,582,892,373
hsa-miR-22-5p,46,46,49,16,28,35,47,26
hsa-miR-221-3p,725,658,597,265,288,1365,2279,660
hsa-miR-221-5p,10,11,19,6,2,11,9,12
hsa-miR-222-3p,60,70,120,44,47,240,233,93
hsa-miR-222-5p,15,40,32,17,9,39,64,20
hsa-miR-223-3p,53,462,207,39,192,94,2203,892
hsa-miR-223-5p,26,47,19,20,13,22,105,28
hsa-miR-224-3p,0,0,0,0,0,14,15,0
hsa-miR-224-5p,27,29,94,24,37,30,591,51
hsa-miR-2276-3p,17,22,25,17,24,86,48,25
hsa-miR-2276-5p,20,45,38,28,39,45,64,42
hsa-miR-2277-3p,35,94,77,79,66,84,147,64
hsa-miR-2277-5p,38,45,35,35,18,25,80,26
hsa-miR-2278,7,17,9,0,11,17,15,0
hsa-miR-2355-3p,7,23,41,20,10,9,21,21
hsa-miR-2392,57,135,149,136,194,202,171,99
hsa-miR-23a-3p,532,766,1051,435,365,666,3246,783
hsa-miR-23a-5p,52,68,83,66,66,45,72,44
hsa-miR-23b-3p,226,342,734,364,356,671,1282,858
hsa-miR-23b-5p,18,44,24,18,22,61,52,27
hsa-miR-23c,5,11,0,0,0,0,0,0
hsa-miR-24-1-5p,0,0,13,0,11,4,13,0
hsa-miR-24-2-5p,7,12,0,18,0,9,13,19
hsa-miR-24-3p,219,465,719,369,320,730,1620,789
hsa-miR-2467-3p,12,9,10,8,10,10,19,13
hsa-miR-2467-5p,10,16,19,12,15,14,35,7
hsa-miR-25-3p,1209,1715,1743,1351,1199,2588,4160,2852
hsa-miR-25-5p,119,244,285,217,262,449,264,249
hsa-miR-2681-3p,28,45,78,28,28,35,44,42
hsa-miR-2681-5p,14,14,19,17,20,31,31,30
hsa-miR-2682-3p,70,392,480,407,501,469,240,246
hsa-miR-2682-5p,24,46,31,36,19,22,92,41
hsa-miR-26a-1-3p,12,14,6,9,18,17,5,11
hsa-miR-26a-2-3p,7,11,0,4,0,14,11,13
hsa-miR-26a-5p,2451,2359,4591,1985,2948,5553,4580,7203
hsa-miR-26b-3p,9,20,22,16,38,30,41,15
hsa-miR-26b-5p,882,1138,1782,1113,1315,2146,2584,2786
hsa-miR-27a-3p,460,628,817,506,279,885,2150,815
hsa-miR-27a-5p,11,16,29,18,9,15,19,18
hsa-miR-27b-3p,2665,4406,5939,4468,2088,7675,14281,6396
hsa-miR-27b-5p,73,20,54,21,17,26,72,113
hsa-miR-28-3p,336,411,633,477,405,1367,796,1159
hsa-miR-28-5p,17,60,105,74,92,87,138,77
hsa-miR-2861,54,149,146,142,177,194,202,109
hsa-miR-2909,19,45,53,30,25,37,118,51
hsa-miR-296-3p,112,169,173,78,64,337,140,168
hsa-miR-296-5p,23,83,69,50,108,99,51,36
hsa-miR-298,66,79,80,83,104,84,296,98
hsa-miR-299-3p,22,40,41,26,10,44,42,31
hsa-miR-299-5p,17,40,41,24,25,36,30,57
hsa-miR-29a-3p,710,946,1387,814,592,2712,2067,1841
hsa-miR-29a-5p,10,17,14,0,10,12,16,0
hsa-miR-29b-1-5p,6,15,17,11,2,19,7,11
hsa-miR-29b-2-5p,55,104,166,103,16,37,39,57
hsa-miR-29b-3p,71,36,166,83,78,135,180,209
hsa-miR-29c-3p,410,441,378,282,232,531,1386,772
hsa-miR-29c-5p,27,31,41,32,37,33,66,58
hsa-miR-300,1,13,16,0,6,0,0,0
hsa-miR-301a-3p,3,11,10,5,4,6,14,14
hsa-miR-301b-5p,6,16,14,21,5,14,21,3
hsa-miR-302a-5p,0,0,11,0,7,5,18,0
hsa-miR-302b-5p,15,8,14,5,6,29,17,22
hsa-miR-302c-5p,17,26,15,16,16,27,28,21
hsa-miR-302d-3p,0,0,15,10,14,0,0,7
hsa-miR-302d-5p,0,0,0,4,0,23,13,17
hsa-miR-302e,0,0,10,0,9,12,16,0
hsa-miR-3064-3p,13,15,17,11,6,10,14,12
hsa-miR-3064-5p,124,620,716,222,436,256,560,280
hsa-miR-30a-3p,684,1463,1399,1338,575,1372,1357,1650
hsa-miR-30a-5p,1744,6007,6828,5026,2234,4364,6817,6369
hsa-miR-30b-3p,10,29,20,26,11,18,25,19
hsa-miR-30b-5p,35,36,84,29,29,72,85,61
hsa-miR-30c-1-3p,24,82,69,83,86,98,83,84
hsa-miR-30c-2-3p,44,101,117,85,36,73,87,107
hsa-miR-30c-5p,60,140,341,282,120,234,178,350
hsa-miR-30d-3p,11,35,25,25,30,24,32,22
hsa-miR-30d-5p,718,1636,2605,1689,1350,2482,2818,3564
hsa-miR-30e-3p,78,166,227,154,105,179,229,331
hsa-miR-30e-5p,294,809,1222,790,441,1185,2114,1827
hsa-miR-31-3p,64,126,182,112,40,131,59,77
hsa-miR-31-5p,59,53,164,61,95,264,242,268
hsa-miR-3115,52,85,79,162,165,178,142,53
hsa-miR-3116,0,0,0,3,0,7,15,10
hsa-miR-3117-3p,0,0,0,4,0,3,10,12
hsa-miR-3117-5p,15,43,51,52,59,47,46,50
hsa-miR-3118,5,12,10,0,7,10,10,0
hsa-miR-3120-3p,0,0,9,3,14,5,10,14
hsa-miR-3121-3p,5,10,12,0,10,8,12,0
hsa-miR-3121-5p,0,0,13,0,3,7,12,0
hsa-miR-3122,10,37,48,12,23,77,25,12
hsa-miR-3123,0,0,0,0,0,17,5,0
hsa-miR-3124-3p,35,49,69,55,98,65,92,40
hsa-miR-3124-5p,56,182,207,134,139,116,172,163
hsa-miR-3125,69,80,88,74,94,68,175,42
hsa-miR-3126-3p,56,55,76,78,56,80,106,61
hsa-miR-3126-5p,40,88,87,80,45,51,133,52
hsa-miR-3127-3p,13,17,15,21,9,19,25,18
hsa-miR-3127-5p,34,36,51,33,34,54,45,44
hsa-miR-3128,15,19,12,8,9,18,17,10
hsa-miR-3129-3p,19,29,40,22,25,28,60,13
hsa-miR-3129-5p,18,49,33,32,74,42,29,22
hsa-miR-3130-3p,34,72,54,37,24,46,60,39
hsa-miR-3130-5p,434,700,687,977,716,1432,1528,911
hsa-miR-3131,50,100,110,116,82,109,119,88
hsa-miR-3132,18,43,27,22,38,25,61,22
hsa-miR-3133,2,16,13,0,12,6,13,0
hsa-miR-3134,0,0,19,5,9,13,18,11
hsa-miR-3135b,220,257,324,389,222,401,1365,280
hsa-miR-3136-3p,50,182,166,145,170,148,256,105
hsa-miR-3136-5p,11,12,17,12,10,9,18,17
hsa-miR-3137,21,24,27,14,23,28,39,17
hsa-miR-3138,36,39,42,32,39,30,41,29
hsa-miR-3139,8,23,0,0,0,4,10,0
hsa-miR-3140-3p,18,13,17,5,19,97,17,12
hsa-miR-3140-5p,11,15,0,0,0,0,0,0
hsa-miR-3141,60,141,100,81,150,138,120,108
hsa-miR-3142,19,45,68,26,21,19,57,41
hsa-miR-3143,16,16,27,27,19,29,57,19
hsa-miR-3144-3p,74,346,536,251,278,226,297,368
hsa-miR-3144-5p,0,0,0,5,0,10,13,14
hsa-miR-3145-3p,13,17,13,9,6,13,13,16
hsa-miR-3145-5p,16,58,21,23,17,94,27,16
hsa-miR-3146,0,0,18,0,17,15,26,0
hsa-miR-3147,56,135,158,119,222,233,460,106
hsa-miR-3150a-3p,0,0,13,15,9,6,26,11
hsa-miR-3150b-3p,25,48,55,47,51,49,62,52
hsa-miR-3150b-5p,26,37,43,36,19,37,92,41
hsa-miR-3151-3p,64,91,106,66,55,140,109,94
hsa-miR-3151-5p,13,30,28,13,12,22,52,21
hsa-miR-3152-3p,61,62,65,73,45,39,47,76
hsa-miR-3152-5p,13,34,30,19,23,19,33,10
hsa-miR-3153,22,27,36,27,17,23,47,31
hsa-miR-3154,19,27,26,24,21,33,41,29
hsa-miR-3155a,24,111,39,33,49,58,51,24
hsa-miR-3155b,29,58,90,67,42,63,126,54
hsa-miR-3156-3p,31,42,28,26,30,48,51,27
hsa-miR-3156-5p,7,12,12,0,4,0,0,0
hsa-miR-3157-3p,15,142,70,40,18,32,99,53
hsa-miR-3157-5p,8,20,27,11,10,17,31,40
hsa-miR-3158-3p,9,22,44,14,23,16,49,19
hsa-miR-3159,15,32,40,33,9,30,64,32
hsa-miR-3160-3p,250,25,43,21,6,11,327,34
hsa-miR-3160-5p,15,11,23,3,3,18,17,11
hsa-miR-3161,9,14,17,16,20,21,33,12
hsa-miR-3162-3p,62,97,54,67,103,128,138,51
hsa-miR-3162-5p,34,106,105,63,103,66,49,53
hsa-miR-3163,17,29,48,36,28,19,34,22
hsa-miR-3164,12,12,11,13,13,14,15,10
hsa-miR-3165,0,0,15,5,3,11,13,10
hsa-miR-3166,11,40,67,22,4,28,33,43
hsa-miR-3167,21,32,35,41,16,17,46,37
hsa-miR-3168,240,262,903,256,216,174,120,326
hsa-miR-3169,10,6,0,0,0,0,0,0
hsa-miR-3170,24,54,73,42,56,39,151,56
hsa-miR-3171,8,47,73,56,13,19,34,44
hsa-miR-3173-3p,14,19,33,12,23,27,14,17
hsa-miR-3173-5p,19,39,60,29,39,33,30,28
hsa-miR-3174,224,1447,1336,1292,1508,1886,1378,608
hsa-miR-3175,1800,3641,4116,3583,3503,2905,20473,3292
hsa-miR-3176,85,217,286,218,129,329,259,227
hsa-miR-3177-3p,16,21,33,21,30,22,60,14
hsa-miR-3177-5p,10,24,31,27,17,30,38,16
hsa-miR-3178,38,61,45,43,53,74,134,63
hsa-miR-3179,11,23,13,9,8,17,18,13
hsa-miR-3180,15,59,48,28,58,43,43,44
hsa-miR-3180-3p,13,21,28,20,12,31,34,24
hsa-miR-3180-5p,51,81,85,59,94,102,137,66
hsa-miR-3181,25,52,50,49,26,69,79,34
hsa-miR-3182,34,25,30,19,11,33,20,30
hsa-miR-3183,53,119,90,43,45,87,117,69
hsa-miR-3185,29,38,43,29,29,47,97,33
hsa-miR-3186-3p,53,110,129,130,36,47,166,137
hsa-miR-3186-5p,12,15,23,0,14,14,11,0
hsa-miR-3187-3p,20,52,39,47,41,48,55,33
hsa-miR-3187-5p,333,280,400,263,147,158,526,415
hsa-miR-3188,15,23,32,31,24,44,54,30
hsa-miR-3189-3p,17,25,24,31,29,35,51,25
hsa-miR-3189-5p,26,14,32,18,18,17,22,25
hsa-miR-3190-3p,10,9,13,11,5,4,27,12
hsa-miR-3190-5p,261,614,766,466,441,525,1910,723
hsa-miR-3191-3p,10,7,14,7,11,0,0,21
hsa-miR-3191-5p,14,44,30,28,28,20,36,23
hsa-miR-3192-3p,119,245,313,202,156,166,343,277
hsa-miR-3192-5p,9,24,23,16,9,17,37,14
hsa-miR-3193,15,27,18,11,38,44,34,15
hsa-miR-3194-3p,12,13,17,12,21,17,11,17
hsa-miR-3194-5p,119,147,185,109,39,124,656,166
hsa-miR-3195,91,330,302,224,171,289,464,232
hsa-miR-3196,29,49,44,30,38,50,76,38
hsa-miR-3197,21,52,55,41,52,78,70,46
hsa-miR-3198,41,48,44,56,48,54,79,33
hsa-miR-3199,3,19,14,8,10,19,16,10
hsa-miR-32-3p,0,0,11,0,1,0,0,0
hsa-miR-32-5p,41,93,114,35,34,142,109,119
hsa-miR-3200-3p,34,36,43,30,25,30,149,28
hsa-miR-3200-5p,22,76,72,55,43,42,201,45
hsa-miR-3201,0,0,0,13,0,2,18,6
hsa-miR-3202,22,29,19,24,20,26,26,27
hsa-miR-320a,991,1387,1202,467,1187,2282,2240,1302
hsa-miR-320b,422,603,302,170,379,349,615,217
hsa-miR-320c,442,592,330,185,430,389,669,225
hsa-miR-320d,152,183,122,72,150,129,279,93
hsa-miR-320e,324,464,457,285,143,168,1223,274
hsa-miR-323a-3p,17,80,57,28,57,240,109,186
hsa-miR-323a-5p,45,117,126,99,42,62,104,111
hsa-miR-323b-3p,23,60,33,38,29,174,84,140
hsa-miR-323b-5p,25,37,46,42,32,61,76,56
hsa-miR-324-3p,22,34,45,47,27,64,60,46
hsa-miR-324-5p,90,91,195,115,64,142,188,125
hsa-miR-325,20,8,11,6,5,11,18,43
hsa-miR-326,165,164,215,117,109,108,158,194
hsa-miR-328-3p,48,228,262,151,236,281,402,191
hsa-miR-328-5p,48,44,45,62,52,55,69,36
hsa-miR-329-3p,22,5,18,8,7,37,20,32
hsa-miR-329-5p,16,12,24,12,16,47,17,18
hsa-miR-330-3p,12,17,19,6,14,4,23,20
hsa-miR-330-5p,21,14,27,12,7,15,20,17
hsa-miR-331-3p,9,11,22,14,14,18,27,14
hsa-miR-331-5p,28,32,56,31,28,59,43,27
hsa-miR-335-3p,21,51,50,43,21,40,75,38
hsa-miR-335-5p,57,71,102,63,63,203,96,138
hsa-miR-337-3p,15,14,25,9,17,17,22,20
hsa-miR-337-5p,63,127,142,120,69,153,307,139
hsa-miR-338-3p,13,18,35,39,17,28,66,58
hsa-miR-338-5p,25,32,53,33,22,36,54,32
hsa-miR-339-3p,114,277,280,194,311,362,405,230
hsa-miR-339-5p,54,104,138,133,84,176,114,229
hsa-miR-33a-3p,25,18,39,20,18,9,56,21
hsa-miR-33a-5p,1,30,46,34,8,20,59,31
hsa-miR-33b-3p,23,64,34,27,45,49,71,46
hsa-miR-33b-5p,12,35,34,23,9,16,33,26
hsa-miR-340-3p,13,26,25,13,25,32,19,16
hsa-miR-340-5p,16,22,34,19,36,28,44,55
hsa-miR-342-3p,110,231,295,213,245,309,371,393
hsa-miR-342-5p,8,31,19,24,14,38,27,16
hsa-miR-345-3p,31,66,62,34,142,41,69,52
hsa-miR-345-5p,5,31,47,19,20,35,50,35
hsa-miR-346,16,36,42,20,22,21,42,25
hsa-miR-34a-3p,10,35,25,13,27,11,29,18
hsa-miR-34a-5p,162,269,670,219,164,391,1146,486
hsa-miR-34b-3p,4,11,16,14,6,26,27,8
hsa-miR-34b-5p,88,37,76,32,11,31,152,114
hsa-miR-34c-3p,54,134,171,127,153,126,212,128
hsa-miR-34c-5p,11,13,17,11,35,31,36,30
hsa-miR-3529-5p,6,10,11,0,7,0,0,0
hsa-miR-3591-5p,19,13,10,13,0,8,25,13
hsa-miR-3605-3p,64,109,130,65,148,103,128,121
hsa-miR-3605-5p,12,30,18,9,12,12,18,15
hsa-miR-3606-3p,0,0,11,10,11,5,28,10
hsa-miR-3607-3p,0,0,0,0,0,10,8,0
hsa-miR-3609,7,19,34,13,23,21,23,21
hsa-miR-361-3p,69,86,154,139,89,199,174,282
hsa-miR-361-5p,205,277,435,208,290,680,620,592
hsa-miR-3610,24,40,37,31,59,73,49,21
hsa-miR-3611,0,0,7,0,10,0,0,0
hsa-miR-3612,17,37,21,23,20,22,27,14
hsa-miR-3613-3p,173,109,192,74,88,92,138,87
hsa-miR-3613-5p,41,74,195,146,122,201,154,224
hsa-miR-3614-3p,11,21,0,0,0,6,12,0
hsa-miR-3614-5p,12,17,32,13,21,23,30,11
hsa-miR-3615,88,287,270,216,167,268,454,219
hsa-miR-3616-3p,37,63,47,37,54,47,87,24
hsa-miR-3616-5p,0,16,0,0,0,0,0,0
hsa-miR-3617-3p,101,23,32,36,45,415,53,16
hsa-miR-3618,0,0,11,0,12,0,0,0
hsa-miR-3619-3p,32,78,115,66,69,61,70,63
hsa-miR-3619-5p,40,37,69,41,32,49,65,64
hsa-miR-362-3p,0,0,5,0,11,38,9,0
hsa-miR-362-5p,10,18,17,11,22,14,24,15
hsa-miR-3620-3p,37,39,60,45,65,47,54,49
hsa-miR-3620-5p,24,18,66,30,16,33,68,64
hsa-miR-3621,63,57,60,40,43,58,84,39
hsa-miR-3622a-3p,27,19,31,30,32,32,56,37
hsa-miR-3622a-5p,8,13,18,13,6,10,24,6
hsa-miR-3622b-3p,334,297,313,359,252,389,1109,280
hsa-miR-363-3p,26,19,6,6,28,11,130,71
hsa-miR-363-5p,79,115,170,114,75,253,308,89
hsa-miR-3646,17,20,34,13,8,17,48,25
hsa-miR-3648,21,66,53,53,45,59,97,21
hsa-miR-3649,20,11,20,17,15,28,37,25
hsa-miR-3650,0,0,18,0,9,9,13,0
hsa-miR-3651,266,432,430,613,553,683,1366,339
hsa-miR-3652,88,184,179,262,74,123,396,120
hsa-miR-3653-3p,6,14,17,10,13,20,17,7
hsa-miR-3653-5p,15,29,56,31,24,32,54,25
hsa-miR-3654,23,46,61,64,14,59,56,21
hsa-miR-3655,35,41,60,53,23,55,80,39
hsa-miR-3656,94,215,180,179,266,240,314,191
hsa-miR-3657,0,0,12,0,11,0,0,0
hsa-miR-3658,0,0,10,0,4,6,12,0
hsa-miR-3659,19,39,52,17,30,34,33,42
hsa-miR-365a-3p,7,11,26,18,17,48,22,44
hsa-miR-365a-5p,33,71,64,66,46,77,56,47
hsa-miR-365b-3p,1,10,29,12,13,43,29,31
hsa-miR-365b-5p,2,58,9,13,10,12,15,11
hsa-miR-3660,0,0,14,0,11,0,0,0
hsa-miR-3661,23,23,57,29,70,39,76,36
hsa-miR-3662,13,57,46,30,28,50,25,27
hsa-miR-3663-3p,22,59,41,47,43,54,86,42
hsa-miR-3663-5p,48,84,96,73,72,96,148,40
hsa-miR-3664-3p,0,0,10,0,6,0,0,0
hsa-miR-3664-5p,0,0,0,0,0,5,10,0
hsa-miR-3665,59,276,240,112,185,206,237,143
hsa-miR-3666,20,26,43,31,16,21,47,49
hsa-miR-3667-3p,22,28,23,13,19,26,65,33
hsa-miR-3667-5p,14,23,27,12,8,17,38,27
hsa-miR-3668,11,7,29,3,10,11,25,10
hsa-miR-3669,12,51,45,38,14,57,40,32
hsa-miR-367-3p,12,18,33,30,11,14,56,13
hsa-miR-367-5p,30,68,82,65,37,61,163,101
hsa-miR-3670,10,10,17,0,8,5,16,0
hsa-miR-3671,16,28,40,19,5,76,42,20
hsa-miR-3673,50,209,240,230,118,179,269,160
hsa-miR-3674,0,0,0,10,0,0,0,2
hsa-miR-3675-3p,24,32,36,28,37,52,31,31
hsa-miR-3675-5p,40,72,71,51,61,83,70,49
hsa-miR-3677-3p,9,29,28,12,16,28,21,17
hsa-miR-3677-5p,14,31,37,25,39,25,40,25
hsa-miR-3678-3p,34,29,43,17,20,78,25,34
hsa-miR-3678-5p,19,28,25,10,16,26,36,40
hsa-miR-3679-3p,58,61,55,46,40,38,133,35
hsa-miR-3679-5p,49,86,40,53,68,103,58,40
hsa-miR-3680-3p,26,56,86,59,33,57,86,64
hsa-miR-3680-5p,0,0,12,0,5,0,0,0
hsa-miR-3681-3p,14,12,21,0,12,14,16,0
hsa-miR-3681-5p,8,23,24,0,8,8,16,0
hsa-miR-3682-3p,29,27,22,16,13,15,36,17
hsa-miR-3682-5p,10,5,11,0,5,12,8,0
hsa-miR-3683,3,33,0,0,0,14,8,0
hsa-miR-3684,8,17,27,8,15,16,23,16
hsa-miR-3685,39,41,38,48,37,52,59,30
hsa-miR-3686,0,0,7,0,11,0,0,0
hsa-miR-3687,12,34,37,26,20,31,60,35
hsa-miR-3688-3p,0,0,7,0,11,6,20,0
hsa-miR-3688-5p,0,0,16,0,5,4,13,0
hsa-miR-3689a-3p,0,0,0,12,0,0,0,2
hsa-miR-3689a-5p,0,0,0,0,0,14,8,0
hsa-miR-3689b-3p,9,17,0,11,0,5,18,4
hsa-miR-3689d,3,16,18,9,14,10,19,10
hsa-miR-3689f,15,14,27,31,14,13,29,17
hsa-miR-369-3p,32,55,49,31,23,117,111,89
hsa-miR-369-5p,30,52,70,26,37,121,109,138
hsa-miR-3690,13,25,12,13,7,21,21,23
hsa-miR-3691-3p,16,93,44,32,31,116,76,20
hsa-miR-3691-5p,69,66,71,89,83,111,253,73
hsa-miR-3692-3p,17,21,18,20,17,16,35,26
hsa-miR-3692-5p,19,37,49,48,43,48,59,47
hsa-miR-370-3p,38,147,143,84,89,170,237,636
hsa-miR-370-5p,0,0,0,0,0,7,14,0
hsa-miR-3713,5,16,14,9,8,16,11,11
hsa-miR-3714,6,19,11,0,8,14,23,0
hsa-miR-371a-3p,13,33,40,35,25,35,100,34
hsa-miR-371b-3p,6,13,9,9,21,11,15,16
hsa-miR-371b-5p,0,0,22,12,9,28,22,17
hsa-miR-372-3p,5,15,29,0,2,19,12,0
hsa-miR-372-5p,0,0,11,0,2,24,7,0
hsa-miR-373-3p,6,18,10,0,7,8,13,0
hsa-miR-373-5p,8,25,33,24,40,34,35,25
hsa-miR-374a-3p,0,0,19,11,15,18,18,16
hsa-miR-374a-5p,10,20,34,20,30,41,38,45
hsa-miR-374b-5p,0,0,16,14,6,22,21,21
hsa-miR-374c-5p,5,18,20,5,8,12,22,14
hsa-miR-375,144,446,122,116,160,246,1311,129
hsa-miR-376a-2-5p,0,0,0,6,0,0,0,12
hsa-miR-376a-3p,4,26,40,11,15,40,72,81
hsa-miR-376a-5p,0,0,0,8,0,0,0,11
hsa-miR-376b-3p,0,0,18,0,5,39,37,29
hsa-miR-376c-3p,17,22,47,19,38,132,82,124
hsa-miR-376c-5p,0,0,0,0,0,22,11,0
hsa-miR-377-3p,17,33,33,11,5,78,72,68
hsa-miR-377-5p,7,19,16,14,8,20,25,19
hsa-miR-378a-3p,172,166,150,57,99,188,419,267
hsa-miR-378a-5p,13,19,14,10,20,48,14,22
hsa-miR-378b,6,11,15,11,6,4,10,12
hsa-miR-378c,34,49,30,19,29,36,121,43
hsa-miR-378d,13,19,11,0,0,73,17,0
hsa-miR-378e,0,0,14,3,7,0,0,18
hsa-miR-378f,131,358,411,388,359,363,595,250
hsa-miR-378g,14,9,12,0,3,5,14,0
hsa-miR-378h,8,11,12,0,8,11,4,0
hsa-miR-378i,13,19,28,8,11,6,37,17
hsa-miR-378j,7,14,10,10,8,12,27,14
hsa-miR-379-3p,15,9,12,13,12,8,19,8
hsa-miR-379-5p,214,255,309,169,316,1143,576,1549
hsa-miR-380-3p,12,33,13,8,8,0,0,11
hsa-miR-380-5p,3,15,11,13,10,18,13,18
hsa-miR-381-3p,67,58,87,35,60,143,182,274
hsa-miR-381-5p,65,119,144,95,49,49,86,143
hsa-miR-382-3p,18,32,43,36,55,81,44,101
hsa-miR-382-5p,713,761,467,358,436,3056,1464,1893
hsa-miR-383-3p,13,34,19,23,10,35,39,15
hsa-miR-383-5p,108,893,1058,786,534,818,351,581
hsa-miR-384,0,0,0,0,0,7,18,0
hsa-miR-3907,37,50,66,57,17,84,77,63
hsa-miR-3908,11,19,33,11,11,17,13,20
hsa-miR-3909,53,44,65,69,32,41,92,59
hsa-miR-3910,4,11,17,0,9,27,20,0
hsa-miR-3911,9,16,11,22,11,18,21,9
hsa-miR-3912-5p,85,25,47,30,20,53,121,139
hsa-miR-3913-3p,15,11,15,7,6,12,16,18
hsa-miR-3913-5p,12,59,52,38,20,54,56,31
hsa-miR-3914,7,10,12,0,7,5,19,0
hsa-miR-3915,14,26,31,13,19,13,15,13
hsa-miR-3916,78,173,202,156,85,161,257,200
hsa-miR-3917,78,85,49,32,56,36,109,203
hsa-miR-3918,7,23,20,24,11,12,26,7
hsa-miR-3919,7,19,14,11,18,26,13,6
hsa-miR-3920,19,19,22,24,14,18,25,26
hsa-miR-3921,10,10,14,5,13,15,19,12
hsa-miR-3922-3p,2,14,14,5,5,13,18,13
hsa-miR-3922-5p,10,28,16,14,6,20,23,13
hsa-miR-3923,23,35,36,47,31,36,28,34
hsa-miR-3925-3p,7,11,11,2,6,10,16,12
hsa-miR-3925-5p,12,26,51,28,10,11,30,16
hsa-miR-3926,0,0,15,12,4,6,13,8
hsa-miR-3927-3p,0,0,13,0,9,10,9,0
hsa-miR-3927-5p,7,16,20,0,13,10,20,0
hsa-miR-3928-3p,11,24,26,17,19,19,46,25
hsa-miR-3928-5p,63,325,374,199,96,183,196,218
hsa-miR-3929,47,38,16,20,21,31,42,25
hsa-miR-3934-3p,32,546,721,369,605,463,254,361
hsa-miR-3934-5p,43,48,61,38,46,51,81,35
hsa-miR-3935,692,379,444,278,198,194,728,619
hsa-miR-3936,152,313,379,267,104,159,199,282
hsa-miR-3937,46,59,50,60,50,48,114,49
hsa-miR-3938,993,1264,1664,1536,581,1061,2872,1638
hsa-miR-3939,18,31,41,31,35,24,58,30
hsa-miR-3940-3p,257,114,173,136,139,171,433,205
hsa-miR-3940-5p,175,588,809,403,257,359,985,648
hsa-miR-3941,16,26,29,20,70,18,21,34
hsa-miR-3942-3p,0,0,0,0,0,16,4,0
hsa-miR-3942-5p,0,0,11,0,11,0,0,0
hsa-miR-3943,74,126,204,106,103,171,302,88
hsa-miR-3944-3p,113,214,150,124,80,106,614,120
hsa-miR-3944-5p,10,22,29,15,16,23,20,16
hsa-miR-3945,23,24,45,13,31,37,55,17
hsa-miR-3960,78,122,192,98,186,159,193,129
hsa-miR-3972,34,79,73,49,34,104,94,41
hsa-miR-3973,0,46,0,0,0,0,0,0
hsa-miR-3974,589,523,832,310,332,458,675,512
hsa-miR-3976,12,17,15,5,8,15,13,16
hsa-miR-3977,0,0,0,11,0,6,14,3
hsa-miR-3978,18,23,46,8,37,38,43,29
hsa-miR-409-3p,152,299,226,161,194,742,596,1118
hsa-miR-409-5p,28,40,38,23,21,59,54,44
hsa-miR-410-3p,8,11,19,0,5,13,19,0
hsa-miR-410-5p,17,16,24,10,10,10,40,13
hsa-miR-411-3p,17,9,0,6,0,8,10,10
hsa-miR-411-5p,71,90,141,71,69,253,219,501
hsa-miR-412-3p,37,72,80,57,46,66,86,47
hsa-miR-412-5p,13,38,28,18,20,19,22,18
hsa-miR-421,13,14,28,26,6,20,39,24
hsa-miR-422a,14,5,10,14,11,114,16,17
hsa-miR-423-3p,142,182,237,130,223,521,301,366
hsa-miR-423-5p,1602,1876,877,609,1429,3710,2728,1547
hsa-miR-424-3p,126,300,348,274,127,414,413,436
hsa-miR-424-5p,678,1379,1534,761,542,1956,2393,1219
hsa-miR-425-3p,66,179,204,208,99,147,258,142
hsa-miR-425-5p,183,364,429,272,269,299,524,593
hsa-miR-4251,17,23,30,17,48,84,23,11
hsa-miR-4252,14,26,14,5,20,16,77,13
hsa-miR-4253,8,11,21,14,16,14,21,6
hsa-miR-4254,72,91,91,72,59,86,124,105
hsa-miR-4255,0,0,13,0,8,0,0,0
hsa-miR-4256,41,18,25,15,12,4,39,51
hsa-miR-4257,10,21,22,15,26,28,18,63
hsa-miR-4258,62,57,58,43,55,87,104,61
hsa-miR-4259,52,225,248,124,93,126,223,117
hsa-miR-4260,38,82,97,89,108,99,189,67
hsa-miR-4261,3,16,24,10,17,16,9,9
hsa-miR-4262,12,23,21,11,13,10,25,14
hsa-miR-4263,6,19,12,0,6,21,11,0
hsa-miR-4264,38,178,181,164,55,117,368,92
hsa-miR-4265,8,20,26,16,17,25,53,19
hsa-miR-4266,19,15,39,15,18,25,21,14
hsa-miR-4267,19,40,26,20,18,32,43,19
hsa-miR-4268,33,71,92,62,157,132,142,74
hsa-miR-4269,60,17,30,13,13,11,48,24
hsa-miR-4270,5,37,44,15,22,25,35,14
hsa-miR-4271,39,36,41,33,33,42,47,39
hsa-miR-4272,1,14,12,0,9,0,0,0
hsa-miR-4274,294,1094,1030,720,940,877,2543,576
hsa-miR-4275,110,128,135,159,137,149,551,91
hsa-miR-4276,0,0,0,0,0,7,11,0
hsa-miR-4277,25,12,42,11,9,15,64,73
hsa-miR-4278,0,0,0,0,0,10,11,0
hsa-miR-4279,37,78,103,65,56,70,209,76
hsa-miR-4280,60,178,233,230,59,89,149,171
hsa-miR-4281,10,54,54,37,101,54,41,24
hsa-miR-4282,6,13,0,0,0,8,18,0
hsa-miR-4283,22,23,46,29,23,29,78,35
hsa-miR-4284,7,17,11,18,19,20,31,11
hsa-miR-4285,13,48,50,34,28,44,59,37
hsa-miR-4286,14,21,20,25,44,20,28,28
hsa-miR-4287,0,0,21,8,5,5,19,13
hsa-miR-4288,10,11,20,11,11,42,7,19
hsa-miR-4289,7,12,10,0,6,8,19,0
hsa-miR-429,18,35,61,30,14,29,317,73
hsa-miR-4290,32,46,50,51,117,102,56,52
hsa-miR-4291,0,0,12,7,9,5,24,15
hsa-miR-4292,26,31,43,33,29,48,59,52
hsa-miR-4293,30,129,72,30,32,64,92,42
hsa-miR-4294,0,0,14,0,7,7,38,0
hsa-miR-4295,0,0,10,0,18,15,10,0
hsa-miR-4296,31,44,49,13,24,21,56,29
hsa-miR-4297,4,20,8,0,11,13,14,0
hsa-miR-4298,13,26,15,9,22,39,30,10
hsa-miR-4299,15,21,19,13,10,10,15,12
hsa-miR-4300,10,38,26,26,15,20,32,14
hsa-miR-4301,6,17,19,14,23,10,22,22
hsa-miR-4302,686,956,1114,871,859,989,1471,919
hsa-miR-4303,155,245,328,173,81,134,567,244
hsa-miR-4304,24,35,45,30,24,32,41,65
hsa-miR-4305,5,27,11,12,19,16,25,15
hsa-miR-4306,10,9,13,0,7,0,0,0
hsa-miR-4307,15,18,24,13,17,18,24,13
hsa-miR-4308,6,15,13,5,7,12,13,15
hsa-miR-4309,14,21,8,16,27,13,26,27
hsa-miR-431-3p,258,116,172,104,68,87,323,477
hsa-miR-431-5p,34,70,67,51,49,112,126,173
hsa-miR-4310,13,18,17,0,7,10,17,0
hsa-miR-4311,0,0,13,6,3,42,16,13
hsa-miR-4312,18,161,88,119,58,115,142,59
hsa-miR-4313,58,161,180,123,141,179,171,135
hsa-miR-4314,0,0,19,0,7,83,33,0
hsa-miR-4315,288,209,237,181,98,139,328,259
hsa-miR-4316,25,31,30,24,23,43,47,27
hsa-miR-4317,6,17,21,13,4,25,18,18
hsa-miR-4319,10,24,8,3,10,2,12,11
hsa-miR-432-3p,29,92,121,94,153,133,125,101
hsa-miR-432-5p,335,406,336,226,352,1100,708,910
hsa-miR-4320,2,59,0,0,0,14,12,0
hsa-miR-4321,19,65,55,53,108,99,68,41
hsa-miR-4322,42,92,137,89,120,124,128,65
hsa-miR-4323,13,24,22,22,30,30,31,30
hsa-miR-4324,35,38,64,30,35,72,48,89
hsa-miR-4325,18,15,22,26,19,19,23,21
hsa-miR-4326,20,45,66,40,46,54,51,43
hsa-miR-4327,50,52,61,67,56,75,77,48
hsa-miR-4328,4,10,12,0,8,10,16,0
hsa-miR-4329,19,10,19,16,16,15,32,25
hsa-miR-433-3p,16,80,69,51,46,74,103,71
hsa-miR-433-5p,15,21,22,30,23,16,76,29
hsa-miR-4330,52,80,107,87,33,66,173,63
hsa-miR-4417,117,377,551,535,468,664,527,435
hsa-miR-4418,0,0,0,4,0,6,11,10
hsa-miR-4419a,11,7,14,0,5,19,9,0
hsa-miR-4419b,128,129,142,80,28,67,394,118
hsa-miR-4420,10,19,22,0,8,17,21,0
hsa-miR-4421,11,8,11,0,10,9,10,0
hsa-miR-4422,6,18,14,13,10,4,15,12
hsa-miR-4423-3p,0,0,0,0,0,11,22,0
hsa-miR-4423-5p,23,42,51,31,24,22,48,20
hsa-miR-4425,15,17,18,13,4,5,15,22
hsa-miR-4426,23,29,32,27,16,11,28,15
hsa-miR-4427,19,34,24,15,18,21,58,27
hsa-miR-4428,10,24,21,18,22,19,34,14
hsa-miR-4429,98,189,198,123,95,166,262,176
hsa-miR-4430,6,27,33,12,11,52,13,15
hsa-miR-4431,12,18,11,11,12,11,17,11
hsa-miR-4432,5,10,25,29,11,18,45,19
hsa-miR-4433a-5p,74,62,50,28,100,60,44,40
hsa-miR-4433b-3p,14,7,11,4,3,6,12,10
hsa-miR-4433b-5p,18,59,39,36,112,65,38,44
hsa-miR-4434,1,11,0,10,0,12,9,16
hsa-miR-4435,7,13,16,17,11,13,19,7
hsa-miR-4436a,6,10,9,16,12,7,17,7
hsa-miR-4436b-3p,20,33,25,15,17,11,27,30
hsa-miR-4436b-5p,33,54,40,34,61,46,55,32
hsa-miR-4437,17,63,57,44,65,58,58,38
hsa-miR-4438,29,54,36,54,45,50,106,33
hsa-miR-4439,0,0,0,0,0,0,0,13
hsa-miR-4440,52,96,109,57,65,63,139,61
hsa-miR-4441,8,10,12,10,6,13,53,16
hsa-miR-4442,7,33,17,20,24,35,23,23
hsa-miR-4443,31,55,26,32,26,47,91,21
hsa-miR-4444,274,376,352,881,196,657,1080,294
hsa-miR-4445-3p,6,326,0,0,0,0,0,0
hsa-miR-4445-5p,8,13,13,10,14,8,28,13
hsa-miR-4446-3p,20,47,72,39,25,45,50,30
hsa-miR-4446-5p,56,105,137,57,106,114,161,108
hsa-miR-4447,11,11,14,14,15,19,29,9
hsa-miR-4448,18,54,50,35,54,62,41,37
hsa-miR-4449,104,179,145,146,167,187,214,117
hsa-miR-4450,18,30,33,25,25,19,31,35
hsa-miR-4451,205,416,477,364,142,227,810,373
hsa-miR-4452,7,15,17,15,9,10,26,13
hsa-miR-4453,10,12,22,7,21,22,25,10
hsa-miR-4454,49,289,348,326,210,407,534,326
hsa-miR-4455,10,14,14,0,12,8,14,0
hsa-miR-4456,116,92,169,78,53,122,180,252
hsa-miR-4457,12,26,22,15,19,74,25,19
hsa-miR-4458,54,67,60,59,69,50,92,43
hsa-miR-4459,590,1203,1898,1641,923,1484,2489,1812
hsa-miR-4460,6,13,12,11,6,6,30,15
hsa-miR-4461,53,29,41,17,29,22,53,23
hsa-miR-4462,37,64,97,77,51,56,93,53
hsa-miR-4463,93,263,264,207,172,220,329,167
hsa-miR-4464,8,23,0,9,0,12,10,12
hsa-miR-4465,18,20,40,31,24,20,55,33
hsa-miR-4466,22,114,85,78,68,83,93,57
hsa-miR-4467,61,209,162,145,161,167,123,191
hsa-miR-4468,26,45,41,29,26,21,28,37
hsa-miR-4469,27,61,46,39,35,33,88,42
hsa-miR-4470,9,60,38,13,19,12,59,10
hsa-miR-4471,23,11,12,11,7,7,27,35
hsa-miR-4472,10,13,14,11,19,9,24,12
hsa-miR-4473,33,41,44,36,36,50,89,54
hsa-miR-4474-3p,8,15,16,12,15,22,21,10
hsa-miR-4474-5p,50,42,105,66,37,42,108,74
hsa-miR-4475,0,0,7,9,13,8,18,12
hsa-miR-4476,18,31,36,21,30,22,36,20
hsa-miR-4477b,0,0,10,3,6,11,11,14
hsa-miR-4478,30,33,21,16,17,19,63,28
hsa-miR-4479,192,1552,1642,1983,3114,2452,1600,1192
hsa-miR-448,44,52,58,56,37,65,100,30
hsa-miR-4480,10,9,15,0,11,10,15,0
hsa-miR-4481,33,31,29,30,22,27,27,46
hsa-miR-4482-3p,0,0,14,0,3,4,11,11
hsa-miR-4482-5p,124,308,394,298,364,381,799,308
hsa-miR-4483,0,0,13,7,9,0,0,11
hsa-miR-4484,29,52,45,37,47,56,62,41
hsa-miR-4485-3p,59,220,276,156,203,145,250,148
hsa-miR-4485-5p,123,39,40,29,36,35,162,26
hsa-miR-4486,6,40,21,25,31,19,37,27
hsa-miR-4487,29,43,36,43,61,60,99,37
hsa-miR-4488,35,90,101,82,48,68,91,70
hsa-miR-4489,29,25,32,47,41,25,51,29
hsa-miR-4490,7,12,10,8,14,13,20,14
hsa-miR-4491,3,26,28,12,13,24,19,19
hsa-miR-4492,16,40,39,44,30,56,66,38
hsa-miR-4493,19,49,34,31,25,21,45,41
hsa-miR-4494,13,14,21,10,24,11,24,16
hsa-miR-4495,12,13,20,7,11,7,15,10
hsa-miR-4496,30,53,51,23,26,28,64,41
hsa-miR-4497,12,30,36,23,49,69,49,38
hsa-miR-4498,20,32,20,28,11,36,48,22
hsa-miR-4499,22,28,41,29,36,34,42,24
hsa-miR-449a,0,0,8,0,39,22,20,0
hsa-miR-449b-3p,5,31,24,14,18,27,24,18
hsa-miR-449b-5p,17,31,13,33,30,43,45,20
hsa-miR-449c-3p,46,80,127,87,37,70,224,61
hsa-miR-449c-5p,35,35,29,38,36,34,78,33
hsa-miR-4500,0,0,0,0,0,2,11,0
hsa-miR-4501,20,61,90,41,45,103,101,71
hsa-miR-4502,19,17,16,19,8,18,42,12
hsa-miR-4503,25,48,49,60,34,44,84,48
hsa-miR-4504,4,32,13,5,15,0,0,11
hsa-miR-4505,16,42,42,27,30,38,44,36
hsa-miR-4506,23,35,57,39,15,34,62,31
hsa-miR-4507,12,25,29,29,21,25,24,16
hsa-miR-4508,24,46,67,22,28,119,56,61
hsa-miR-4509,0,0,0,0,0,16,4,0
hsa-miR-450a-1-3p,18,9,15,16,10,70,32,57
hsa-miR-450a-2-3p,13,10,17,21,8,29,29,44
hsa-miR-450a-5p,13,14,49,27,18,19,41,66
hsa-miR-450b-3p,0,0,11,6,4,3,10,10
hsa-miR-450b-5p,209,355,521,304,298,690,508,752
hsa-miR-4510,38,32,48,20,30,65,51,54
hsa-miR-4511,8,15,27,6,4,16,20,14
hsa-miR-4512,20,24,42,28,18,51,37,31
hsa-miR-4513,21,29,31,21,21,33,43,21
hsa-miR-4514,16,25,42,16,40,23,33,16
hsa-miR-4515,35,86,99,85,98,59,135,203
hsa-miR-4516,74,109,94,75,62,105,187,83
hsa-miR-4517,11,19,18,6,4,9,25,17
hsa-miR-4518,31,27,26,11,9,6,47,34
hsa-miR-4519,11,29,30,25,24,19,41,29
hsa-miR-451a,211,110,86,15,644,21,1763,839
hsa-miR-451b,26,6,14,11,8,77,50,23
hsa-miR-452-3p,10,9,0,0,0,8,13,0
hsa-miR-452-5p,19,25,24,21,13,19,72,29
hsa-miR-4520-3p,4,57,16,14,17,11,39,18
hsa-miR-4521,4,14,11,0,2,0,0,0
hsa-miR-4522,9,17,18,9,24,43,29,19
hsa-miR-4523,13,43,41,46,42,53,60,29
hsa-miR-4524a-3p,16,41,35,30,55,35,32,27
hsa-miR-4524a-5p,34,26,22,14,18,21,51,28
hsa-miR-4524b-3p,12,16,58,24,9,17,59,27
hsa-miR-4524b-5p,0,0,10,10,6,11,16,8
hsa-miR-4525,6,14,17,15,46,26,12,3
hsa-miR-4526,32,48,66,45,45,56,91,43
hsa-miR-4527,12,24,12,0,8,8,29,0
hsa-miR-4528,0,0,0,0,0,3,10,0
hsa-miR-4529-3p,11,39,33,26,13,31,44,23
hsa-miR-4529-5p,9,15,12,6,12,13,13,15
hsa-miR-4530,20,64,67,71,43,112,72,44
hsa-miR-4531,29,218,114,75,189,48,40,45
hsa-miR-4532,21,44,64,45,46,49,84,45
hsa-miR-4533,34,45,46,31,26,36,77,25
hsa-miR-4534,31,81,38,17,36,29,42,26
hsa-miR-4535,238,411,529,329,251,451,640,245
hsa-miR-4537,36,50,84,73,32,34,99,67
hsa-miR-4538,13,15,26,16,10,19,32,13
hsa-miR-4539,23,23,23,30,16,20,43,25
hsa-miR-454-3p,53,150,165,184,85,96,101,287
hsa-miR-454-5p,24,20,22,13,23,15,35,55
hsa-miR-4540,16,33,13,26,54,22,28,14
hsa-miR-455-3p,0,0,0,0,0,9,14,0
hsa-miR-455-5p,18,26,24,12,23,30,49,25
hsa-miR-4632-3p,16,35,47,30,67,78,172,36
hsa-miR-4632-5p,940,1059,1445,1488,1239,1840,2400,1330
hsa-miR-4633-3p,9,11,14,8,10,8,16,14
hsa-miR-4633-5p,0,10,0,7,0,0,0,12
hsa-miR-4634,84,206,236,163,143,236,235,127
hsa-miR-4635,60,240,193,190,105,166,185,139
hsa-miR-4636,13,16,26,32,8,13,49,29
hsa-miR-4638-3p,28,84,71,36,41,84,108,51
hsa-miR-4638-5p,69,165,159,162,73,91,169,142
hsa-miR-4639-3p,0,0,0,0,0,10,11,0
hsa-miR-4639-5p,8,12,0,5,0,7,14,10
hsa-miR-4640-3p,23,31,27,16,53,44,41,33
hsa-miR-4640-5p,30,40,37,50,30,41,63,26
hsa-miR-4642,73,74,72,61,179,95,78,122
hsa-miR-4644,26,42,25,23,26,21,26,17
hsa-miR-4645-3p,7,24,20,2,8,9,19,10
hsa-miR-4645-5p,0,0,11,0,0,0,0,0
hsa-miR-4646-3p,27,37,35,35,52,51,37,45
hsa-miR-4646-5p,5,14,11,14,19,39,20,7
hsa-miR-4647,22,16,26,14,26,60,51,15
hsa-miR-4648,8,11,0,3,0,10,12,13
hsa-miR-4649-3p,53,266,267,329,237,304,535,175
hsa-miR-4649-5p,76,127,187,131,93,112,197,139
hsa-miR-4650-5p,9,14,31,14,16,12,16,5
hsa-miR-4651,201,138,185,88,104,100,209,141
hsa-miR-4652-3p,24,28,30,27,26,29,31,29
hsa-miR-4652-5p,33,62,88,51,22,41,159,21
hsa-miR-4653-3p,25,144,173,108,105,152,84,75
hsa-miR-4653-5p,16,28,33,18,11,17,67,24
hsa-miR-4654,29,40,38,47,85,35,68,87
hsa-miR-4655-3p,128,242,283,201,354,317,467,232
hsa-miR-4655-5p,86,184,174,125,329,225,223,86
hsa-miR-4656,18,21,23,16,20,22,24,20
hsa-miR-4657,15,7,10,0,3,5,17,0
hsa-miR-4658,41,33,38,20,16,20,34,24
hsa-miR-4659a-3p,10,19,10,10,7,8,23,16
hsa-miR-4659b-3p,0,0,23,0,6,8,12,0
hsa-miR-4659b-5p,0,0,10,0,0,0,0,0
hsa-miR-466,6,14,7,9,11,12,18,22
hsa-miR-4660,20,110,24,31,15,36,44,36
hsa-miR-4661-5p,12,15,23,10,17,20,80,27
hsa-miR-4662a-5p,25,69,77,64,74,79,112,87
hsa-miR-4663,282,418,616,493,294,417,1015,416
hsa-miR-4664-3p,39,47,76,51,69,46,90,48
hsa-miR-4664-5p,34,101,109,46,24,43,123,65
hsa-miR-4665-3p,83,185,131,114,121,125,168,110
hsa-miR-4665-5p,143,539,559,301,277,417,429,339
hsa-miR-4666a-3p,0,13,0,0,0,0,0,0
hsa-miR-4666a-5p,0,0,0,0,0,1,79,0
hsa-miR-4666b,15,17,16,11,12,14,27,18
hsa-miR-4667-3p,9,21,26,16,40,34,22,23
hsa-miR-4667-5p,34,34,49,28,22,30,88,33
hsa-miR-4668-3p,5,18,14,11,21,14,24,15
hsa-miR-4668-5p,6,23,25,11,52,25,19,24
hsa-miR-4669,19,14,16,12,27,25,168,17
hsa-miR-4670-3p,0,0,0,0,0,11,6,0
hsa-miR-4670-5p,6,12,10,12,6,6,13,5
hsa-miR-4671-5p,51,48,59,58,38,34,74,56
hsa-miR-4672,13,29,20,18,17,59,22,24
hsa-miR-4673,12,50,32,39,24,45,47,45
hsa-miR-4674,103,117,166,116,79,83,217,170
hsa-miR-4675,11,13,14,0,9,8,43,0
hsa-miR-4676-3p,19,27,25,21,16,19,33,20
hsa-miR-4676-5p,21,124,124,88,60,95,98,119
hsa-miR-4677-3p,8,15,27,31,9,8,15,31
hsa-miR-4677-5p,44,56,75,50,34,72,106,55
hsa-miR-4678,14,33,41,26,35,23,70,18
hsa-miR-4679,0,0,4,0,10,0,0,0
hsa-miR-4680-3p,0,0,0,0,0,22,9,0
hsa-miR-4680-5p,23,67,79,63,40,45,132,35
hsa-miR-4681,17,35,27,13,11,24,23,21
hsa-miR-4682,29,54,52,34,32,63,57,32
hsa-miR-4683,47,72,59,52,56,60,91,41
hsa-miR-4684-3p,14,25,19,17,22,24,26,13
hsa-miR-4684-5p,8,23,0,0,0,3,14,0
hsa-miR-4685-3p,22,69,55,47,72,61,55,36
hsa-miR-4685-5p,18,41,29,31,14,46,54,23
hsa-miR-4686,10,17,32,33,27,38,32,29
hsa-miR-4687-3p,47,60,38,29,87,65,44,35
hsa-miR-4687-5p,38,43,33,39,62,142,59,40
hsa-miR-4688,13,33,27,27,19,30,30,22
hsa-miR-4689,15,29,45,20,57,40,43,33
hsa-miR-4690-3p,19,15,46,18,7,17,32,17
hsa-miR-4690-5p,306,324,297,297,185,189,470,330
hsa-miR-4691-3p,10,39,24,8,11,27,8,20
hsa-miR-4691-5p,855,1059,1591,980,1062,976,2027,1269
hsa-miR-4692,3,19,15,13,9,9,23,12
hsa-miR-4693-3p,222,455,502,690,303,468,1373,311
hsa-miR-4693-5p,24,44,29,62,35,62,64,40
hsa-miR-4694-3p,8,15,26,16,11,28,30,14
hsa-miR-4694-5p,10,17,17,12,3,16,18,13
hsa-miR-4695-3p,18,84,85,67,62,58,64,64
hsa-miR-4695-5p,26,22,38,20,27,35,41,29
hsa-miR-4696,37,107,128,97,33,69,365,102
hsa-miR-4697-3p,38,131,153,145,92,135,79,87
hsa-miR-4697-5p,43,49,45,28,25,32,55,20
hsa-miR-4698,6,10,14,10,12,31,30,19
hsa-miR-4699-3p,0,0,15,10,9,4,11,8
hsa-miR-4699-5p,0,0,0,0,0,6,10,0
hsa-miR-4700-3p,56,216,231,117,59,90,173,175
hsa-miR-4700-5p,90,134,126,89,90,74,306,119
hsa-miR-4701-3p,14,11,18,5,26,17,26,14
hsa-miR-4701-5p,21,21,27,25,18,27,42,28
hsa-miR-4703-5p,6,11,0,0,0,6,10,0
hsa-miR-4704-3p,0,0,11,0,0,0,0,0
hsa-miR-4704-5p,0,0,7,12,10,24,14,5
hsa-miR-4705,0,0,14,11,11,18,26,14
hsa-miR-4706,57,67,51,48,77,82,96,49
hsa-miR-4707-3p,53,138,93,94,127,167,150,93
hsa-miR-4707-5p,63,166,144,115,148,217,150,109
hsa-miR-4708-3p,31,28,33,17,11,18,45,26
hsa-miR-4709-3p,6,15,24,9,23,33,14,11
hsa-miR-4709-5p,31,32,39,18,16,25,24,22
hsa-miR-4710,25,42,42,38,25,26,38,33
hsa-miR-4711-3p,16,67,45,47,57,57,70,43
hsa-miR-4711-5p,9,22,25,26,15,19,27,20
hsa-miR-4712-5p,149,86,143,144,140,202,269,223
hsa-miR-4713-3p,7,21,36,29,18,29,35,20
hsa-miR-4713-5p,27,35,30,35,29,34,57,21
hsa-miR-4714-3p,122,208,266,173,77,102,493,200
hsa-miR-4714-5p,17,42,44,23,22,28,27,21
hsa-miR-4715-3p,3,17,10,0,6,2,21,0
hsa-miR-4715-5p,19,22,32,24,26,29,56,31
hsa-miR-4716-3p,0,0,0,2,0,0,0,10
hsa-miR-4716-5p,23,51,78,42,56,64,49,59
hsa-miR-4717-5p,64,29,33,50,28,53,105,29
hsa-miR-4718,24,90,101,85,82,75,83,49
hsa-miR-4720-3p,6,16,0,0,0,8,21,0
hsa-miR-4720-5p,0,0,10,0,1,0,0,0
hsa-miR-4721,50,99,89,72,83,95,133,48
hsa-miR-4722-3p,19,22,13,13,16,15,27,9
hsa-miR-4722-5p,17,56,55,38,48,62,69,32
hsa-miR-4723-3p,11,26,19,11,12,26,30,23
hsa-miR-4723-5p,6,11,11,11,2,20,20,18
hsa-miR-4724-3p,12,30,20,14,23,7,55,14
hsa-miR-4724-5p,52,42,72,55,41,57,55,72
hsa-miR-4725-3p,107,262,268,170,265,227,334,154
hsa-miR-4725-5p,7,34,26,17,21,17,35,20
hsa-miR-4726-3p,80,89,154,85,60,79,210,142
hsa-miR-4726-5p,23,54,48,37,17,32,49,35
hsa-miR-4727-3p,15,26,24,21,14,17,19,16
hsa-miR-4727-5p,5,14,18,12,7,17,18,8
hsa-miR-4728-3p,36,61,49,29,47,53,98,125
hsa-miR-4728-5p,12,14,20,10,19,8,14,12
hsa-miR-4729,29,22,44,24,53,252,60,67
hsa-miR-4730,23,40,44,26,14,31,36,39
hsa-miR-4731-3p,15,29,47,15,18,57,25,39
hsa-miR-4732-3p,11,31,29,17,35,36,44,15
hsa-miR-4732-5p,20,23,19,20,24,26,42,31
hsa-miR-4733-3p,8,13,12,0,8,22,6,0
hsa-miR-4733-5p,36,62,66,58,34,51,51,61
hsa-miR-4734,50,64,98,51,44,47,96,93
hsa-miR-4735-5p,0,0,24,0,4,12,14,0
hsa-miR-4736,5,12,0,0,0,1,11,0
hsa-miR-4737,28,19,15,16,9,39,48,32
hsa-miR-4738-3p,43,139,173,98,28,59,91,136
hsa-miR-4738-5p,28,46,49,36,201,42,104,39
hsa-miR-4739,20,30,55,24,72,82,47,40
hsa-miR-4740-3p,81,210,239,250,144,197,450,144
hsa-miR-4740-5p,123,273,321,267,324,277,323,264
hsa-miR-4741,20,70,42,56,85,66,70,30
hsa-miR-4742-3p,0,0,11,6,20,18,21,10
hsa-miR-4742-5p,7,12,11,0,5,1,23,0
hsa-miR-4743-3p,3,12,19,6,26,5,11,10
hsa-miR-4743-5p,11,21,16,7,16,30,27,17
hsa-miR-4744,29,45,38,42,26,45,48,51
hsa-miR-4745-3p,66,105,122,49,72,126,245,62
hsa-miR-4745-5p,20,72,51,47,38,62,105,43
hsa-miR-4746-3p,171,455,474,369,195,275,786,372
hsa-miR-4746-5p,53,23,41,22,20,17,88,87
hsa-miR-4747-3p,17,32,24,17,18,41,22,22
hsa-miR-4747-5p,6,13,0,10,0,11,11,5
hsa-miR-4748,23,76,34,21,43,32,56,37
hsa-miR-4749-3p,18,66,34,40,59,56,35,24
hsa-miR-4749-5p,51,52,36,28,33,26,76,55
hsa-miR-4750-3p,32,92,46,36,122,74,56,33
hsa-miR-4750-5p,34,78,64,53,51,75,78,61
hsa-miR-4751,42,43,67,32,38,46,78,66
hsa-miR-4752,11,16,13,0,8,10,14,0
hsa-miR-4753-3p,6,23,20,12,18,14,14,10
hsa-miR-4753-5p,9,29,22,12,17,17,21,18
hsa-miR-4754,138,469,441,411,417,497,738,338
hsa-miR-4755-3p,10,13,20,15,9,6,14,13
hsa-miR-4755-5p,11,11,18,6,24,32,33,19
hsa-miR-4756-3p,0,0,15,0,2,7,10,0
hsa-miR-4756-5p,3,21,28,15,13,24,38,11
hsa-miR-4757-3p,29,25,15,11,22,28,48,70
hsa-miR-4757-5p,10,20,47,18,10,27,33,31
hsa-miR-4758-3p,23,36,44,36,35,41,58,24
hsa-miR-4758-5p,20,50,53,27,33,46,53,43
hsa-miR-4759,11,12,11,16,12,22,15,13
hsa-miR-4760-3p,5,23,12,0,17,22,21,0
hsa-miR-4760-5p,28,60,68,71,36,52,106,70
hsa-miR-4761-3p,43,70,80,106,52,69,134,60
hsa-miR-4761-5p,6,17,27,11,8,21,28,16
hsa-miR-4763-3p,35,88,71,67,85,104,77,52
hsa-miR-4763-5p,29,38,57,25,72,57,92,37
hsa-miR-4764-3p,94,145,143,126,172,133,164,104
hsa-miR-4764-5p,12,37,21,10,22,20,33,19
hsa-miR-4765,29,31,56,31,22,34,47,31
hsa-miR-4766-3p,7,12,14,14,13,6,12,18
hsa-miR-4766-5p,78,121,150,118,119,160,376,126
hsa-miR-4767,62,99,126,105,48,111,136,83
hsa-miR-4768-3p,6,13,21,0,5,40,61,0
hsa-miR-4768-5p,10,28,36,29,21,27,48,30
hsa-miR-4769-3p,32,102,39,18,69,59,41,30
hsa-miR-4769-5p,22,18,24,11,11,16,15,32
hsa-miR-4770,18,24,37,19,15,10,36,29
hsa-miR-4771,0,0,13,4,4,0,0,10
hsa-miR-4772-3p,10,15,19,7,9,29,11,22
hsa-miR-4773,0,0,10,7,17,19,12,12
hsa-miR-4774-3p,10,5,17,8,7,4,14,20
hsa-miR-4774-5p,10,8,12,0,2,0,0,0
hsa-miR-4775,13,111,21,21,14,29,52,23
hsa-miR-4776-3p,392,1280,1178,1337,1431,1926,1354,1353
hsa-miR-4776-5p,9,10,15,5,37,15,42,18
hsa-miR-4778-3p,24,37,31,39,16,42,74,32
hsa-miR-4778-5p,29,32,31,34,27,34,31,22
hsa-miR-4779,11,27,37,36,24,24,23,28
hsa-miR-4780,14,36,20,23,20,178,60,17
hsa-miR-4781-3p,12,59,31,35,47,23,50,24
hsa-miR-4781-5p,4,14,10,9,15,30,31,11
hsa-miR-4782-3p,3,10,0,0,0,0,0,0
hsa-miR-4782-5p,3,10,17,13,7,14,25,7
hsa-miR-4783-3p,53,114,83,85,104,108,156,66
hsa-miR-4783-5p,40,36,70,52,52,48,108,94
hsa-miR-4784,48,97,173,102,76,100,152,205
hsa-miR-4785,224,403,476,322,276,254,419,481
hsa-miR-4786-3p,20,28,28,19,38,36,53,30
hsa-miR-4786-5p,1,21,12,13,15,12,16,10
hsa-miR-4787-3p,86,111,142,82,107,117,166,118
hsa-miR-4787-5p,74,103,133,64,71,96,172,76
hsa-miR-4788,41,88,118,104,40,65,186,67
hsa-miR-4789-3p,1,11,0,2,0,24,9,11
hsa-miR-4789-5p,0,0,16,0,10,4,25,0
hsa-miR-4790-5p,0,0,0,0,0,12,6,0
hsa-miR-4791,2,16,0,0,0,17,4,0
hsa-miR-4792,31,46,67,54,33,34,100,66
hsa-miR-4793-3p,149,55,106,50,51,76,203,359
hsa-miR-4793-5p,50,66,78,74,110,114,126,64
hsa-miR-4794,15,21,21,9,12,9,30,26
hsa-miR-4795-3p,10,6,10,5,4,5,18,13
hsa-miR-4795-5p,11,24,20,31,11,18,75,30
hsa-miR-4796-3p,0,0,10,0,7,9,16,0
hsa-miR-4796-5p,0,0,10,0,6,4,18,0
hsa-miR-4797-3p,12,40,47,54,42,37,39,27
hsa-miR-4798-3p,75,158,153,190,172,238,321,117
hsa-miR-4798-5p,0,12,16,0,5,0,0,0
hsa-miR-4799-5p,14,31,12,12,11,15,24,32
hsa-miR-4800-3p,12,48,46,35,5,24,31,30
hsa-miR-4800-5p,36,46,79,28,63,60,69,42
hsa-miR-4801,9,13,0,6,0,15,8,17
hsa-miR-4802-3p,18,33,29,16,24,25,26,16
hsa-miR-4802-5p,13,26,22,10,18,15,35,16
hsa-miR-4803,5,16,15,11,14,12,15,12
hsa-miR-4804-3p,27,29,33,22,21,47,57,38
hsa-miR-4804-5p,17,22,20,23,11,30,20,13
hsa-miR-483-3p,186,729,1110,940,809,396,257,2023
hsa-miR-483-5p,4067,5261,1931,1537,3163,8142,3408,4566
hsa-miR-484,52,75,80,34,66,107,126,83
hsa-miR-485-3p,37,153,145,103,99,106,115,272
hsa-miR-485-5p,49,61,45,36,45,131,91,97
hsa-miR-486-3p,184,43,25,4,213,9,322,286
hsa-miR-486-5p,5726,3812,5492,3252,4310,3347,12547,7432
hsa-miR-487a-3p,8,33,11,13,2,12,27,6
hsa-miR-487a-5p,66,110,170,75,93,89,248,122
hsa-miR-487b-3p,47,105,107,120,37,93,239,178
hsa-miR-487b-5p,47,85,116,67,77,78,106,80
hsa-miR-488-3p,348,478,527,514,299,288,906,415
hsa-miR-488-5p,8,13,17,1,16,5,16,11
hsa-miR-489-3p,3,10,0,0,0,0,0,0
hsa-miR-489-5p,5,19,21,18,43,31,24,18
hsa-miR-490-3p,68,110,68,39,39,58,65,37
hsa-miR-490-5p,24,51,66,43,19,55,61,48
hsa-miR-491-3p,31,31,17,14,24,16,41,27
hsa-miR-491-5p,19,31,28,12,13,13,32,15
hsa-miR-492,9,30,28,20,30,39,34,19
hsa-miR-493-3p,18,18,27,11,8,37,40,57
hsa-miR-493-5p,57,167,137,85,208,172,196,130
hsa-miR-494-3p,16,26,29,15,17,35,25,69
hsa-miR-494-5p,0,0,11,11,9,8,16,5
hsa-miR-495-3p,15,17,13,10,14,6,13,12
hsa-miR-495-5p,0,0,20,0,5,13,5,0
hsa-miR-496,2,12,17,10,10,11,18,6
hsa-miR-497-3p,19,36,26,10,37,29,22,28
hsa-miR-497-5p,41,71,126,51,45,149,99,124
hsa-miR-498,30,14,42,25,28,91,56,30
hsa-miR-4999-3p,9,15,18,10,8,75,25,8
hsa-miR-4999-5p,3,10,0,0,0,0,0,0
hsa-miR-499a-3p,17,20,0,0,0,0,0,0
hsa-miR-499a-5p,14,20,0,0,0,10,16,0
hsa-miR-499b-3p,7,36,0,0,0,5,12,0
hsa-miR-499b-5p,0,0,12,0,6,0,0,0
hsa-miR-5000-3p,0,0,12,6,4,6,16,25
hsa-miR-5000-5p,28,6,10,4,4,12,17,11
hsa-miR-5001-3p,10,45,33,37,48,38,57,30
hsa-miR-5001-5p,23,62,71,72,32,96,401,56
hsa-miR-5002-3p,146,262,206,604,180,468,685,186
hsa-miR-5002-5p,5,12,0,0,0,11,15,0
hsa-miR-5003-3p,598,279,212,151,134,151,131,631
hsa-miR-5003-5p,26,52,51,51,79,71,91,40
hsa-miR-5004-3p,13,48,51,34,48,47,37,31
hsa-miR-5004-5p,9,11,15,10,8,17,16,11
hsa-miR-5006-3p,32,56,83,47,51,107,63,41
hsa-miR-5006-5p,20,26,36,21,39,21,43,10
hsa-miR-5007-3p,17,32,32,21,22,14,53,32
hsa-miR-5007-5p,11,34,0,0,0,14,11,0
hsa-miR-5008-3p,246,227,413,312,133,187,433,347
hsa-miR-5008-5p,11,213,21,20,10,44,29,19
hsa-miR-5009-3p,11,9,43,10,9,10,13,8
hsa-miR-5009-5p,15,21,62,16,11,19,19,50
hsa-miR-500a-3p,9,16,33,11,29,26,50,35
hsa-miR-500a-5p,0,0,11,0,1,5,12,0
hsa-miR-500b-3p,0,0,0,15,0,12,21,2
hsa-miR-501-3p,74,191,174,171,254,256,323,171
hsa-miR-501-5p,23,26,35,35,28,55,60,19
hsa-miR-5010-3p,19,26,59,32,26,60,39,22
hsa-miR-5010-5p,9,12,30,25,16,31,21,17
hsa-miR-5011-3p,9,18,0,0,0,8,10,0
hsa-miR-5011-5p,74,189,225,138,163,130,264,164
hsa-miR-502-3p,7,12,18,5,20,18,27,18
hsa-miR-502-5p,0,0,0,13,0,7,16,9
hsa-miR-503-3p,24,45,56,39,33,55,59,65
hsa-miR-503-5p,1149,3250,2841,1787,1269,2699,3588,3637
hsa-miR-504-3p,97,113,145,103,118,108,134,132
hsa-miR-504-5p,13,63,74,73,142,76,119,43
hsa-miR-5047,12,26,19,16,12,24,31,14
hsa-miR-505-3p,11,22,42,27,10,18,46,29
hsa-miR-505-5p,0,0,0,0,0,11,13,0
hsa-miR-506-3p,11,7,14,8,10,52,17,24
hsa-miR-506-5p,0,0,0,0,0,10,8,0
hsa-miR-507,0,0,15,5,8,23,5,12
hsa-miR-508-3p,244,215,152,130,127,932,148,414
hsa-miR-508-5p,140,295,312,329,93,253,746,240
hsa-miR-5087,18,28,46,21,15,25,44,15
hsa-miR-5088-3p,24,38,21,26,80,71,37,39
hsa-miR-5088-5p,149,368,416,407,136,229,629,446
hsa-miR-5089-3p,52,102,81,52,70,320,110,59
hsa-miR-5089-5p,18,31,13,10,9,15,9,7
hsa-miR-509-3-5p,15,98,91,105,24,49,58,39
hsa-miR-509-3p,586,650,369,205,321,2849,430,991
hsa-miR-509-5p,38,106,102,91,38,93,69,101
hsa-miR-5090,42,70,83,50,33,65,105,55
hsa-miR-5091,5,30,19,16,8,19,43,25
hsa-miR-5092,10,17,14,12,20,34,29,19
hsa-miR-5093,5,29,14,3,17,18,18,13
hsa-miR-5094,24,28,42,29,20,32,65,19
hsa-miR-5095,82,90,122,108,55,79,148,110
hsa-miR-5096,15,26,38,23,22,19,32,14
hsa-miR-510-3p,95,241,191,177,96,67,201,315
hsa-miR-510-5p,44,47,82,39,34,48,94,109
hsa-miR-5100,27,125,157,133,72,91,129,72
hsa-miR-511-3p,6,22,18,0,9,12,16,0
hsa-miR-511-5p,3,16,22,10,9,11,16,18
hsa-miR-512-3p,65,49,28,31,23,31,50,52
hsa-miR-512-5p,31,62,54,46,10,42,118,51
hsa-miR-513a-3p,34,76,87,85,23,59,273,67
hsa-miR-513a-5p,26,29,18,20,16,54,48,32
hsa-miR-513b-3p,10,14,12,5,10,11,30,10
hsa-miR-513b-5p,0,0,0,10,0,15,11,10
hsa-miR-513c-3p,0,0,10,0,5,6,13,0
hsa-miR-513c-5p,93,51,54,35,26,232,99,88
hsa-miR-514a-3p,121,239,240,129,111,803,254,513
hsa-miR-514a-5p,9,27,41,21,8,40,22,45
hsa-miR-514b-3p,9,11,6,14,10,18,8,6
hsa-miR-514b-5p,15,18,8,10,12,22,24,10
hsa-miR-515-3p,9,20,16,2,15,16,16,11
hsa-miR-515-5p,0,0,0,0,0,32,4,0
hsa-miR-516a-3p,0,0,0,4,0,7,10,16
hsa-miR-516a-5p,0,0,11,12,11,7,13,6
hsa-miR-516b-3p,6,22,13,0,10,11,24,0
hsa-miR-516b-5p,13,12,32,9,4,16,68,20
hsa-miR-517-5p,0,0,0,0,0,4,11,0
hsa-miR-517a-3p,0,0,0,0,0,11,16,0
hsa-miR-517b-3p,9,21,34,18,21,15,42,17
hsa-miR-5186,21,22,29,12,12,18,46,15
hsa-miR-5187-3p,12,15,20,11,26,23,23,16
hsa-miR-5187-5p,32,47,33,14,24,55,36,67
hsa-miR-5188,3,17,8,7,10,21,11,11
hsa-miR-5189-3p,40,153,116,59,94,113,84,69
hsa-miR-5189-5p,9,21,22,18,19,21,34,20
hsa-miR-518a-3p,21,7,25,17,14,102,37,22
hsa-miR-518b,47,68,59,44,71,35,76,37
hsa-miR-518c-3p,12,9,0,0,0,3,12,0
hsa-miR-518d-3p,15,51,21,14,28,29,35,18
hsa-miR-518e-3p,10,18,23,0,11,15,28,0
hsa-miR-518e-5p,3,53,0,0,0,0,0,0
hsa-miR-5190,46,59,62,46,48,41,63,44
hsa-miR-5191,26,37,57,17,37,101,42,30
hsa-miR-5192,350,379,378,439,158,329,1505,244
hsa-miR-5193,28,61,56,50,46,76,64,37
hsa-miR-5194,25,30,29,18,18,21,50,54
hsa-miR-5195-3p,33,42,41,23,26,31,69,25
hsa-miR-5195-5p,13,29,29,24,24,54,21,22
hsa-miR-5196-3p,39,81,104,70,105,52,74,75
hsa-miR-5196-5p,60,198,178,114,132,177,209,103
hsa-miR-5197-3p,15,18,21,22,18,20,35,23
hsa-miR-5197-5p,14,43,44,33,22,37,49,42
hsa-miR-519d-3p,29,46,46,29,64,29,74,28
hsa-miR-519d-5p,0,0,0,0,0,12,12,0
hsa-miR-519e-5p,0,0,0,0,0,10,12,0
hsa-miR-520a-3p,0,0,22,9,13,10,19,17
hsa-miR-520d-3p,4,24,10,7,7,12,15,12
hsa-miR-520f-3p,0,0,0,0,0,10,9,0
hsa-miR-520g-3p,17,46,78,59,19,38,51,36
hsa-miR-520h,77,71,77,83,95,56,269,155
hsa-miR-521,4,21,10,0,9,12,10,0
hsa-miR-522-3p,9,12,14,9,5,12,15,15
hsa-miR-523-3p,5,11,11,13,7,13,17,8
hsa-miR-524-3p,5,51,21,12,50,27,10,17
hsa-miR-525-3p,12,31,43,33,48,40,38,24
hsa-miR-525-5p,0,0,12,15,2,0,0,4
hsa-miR-526b-5p,0,0,0,0,0,10,6,0
hsa-miR-532-3p,428,1066,1160,1112,1165,1099,1843,696
hsa-miR-532-5p,241,993,1150,939,357,803,1758,815
hsa-miR-539-3p,14,23,48,22,12,30,73,25
hsa-miR-539-5p,0,0,12,0,8,0,0,0
hsa-miR-541-3p,0,0,13,14,9,8,17,13
hsa-miR-541-5p,16,41,43,24,41,87,46,34
hsa-miR-542-3p,186,373,498,410,283,857,552,908
hsa-miR-542-5p,71,93,180,100,101,169,238,216
hsa-miR-543,12,16,16,18,9,38,25,25
hsa-miR-544b,9,15,15,21,7,3,16,3
hsa-miR-545-3p,0,0,4,15,15,6,12,2
hsa-miR-545-5p,0,0,14,0,6,0,0,0
hsa-miR-548a-5p,10,20,17,13,5,22,55,26
hsa-miR-548ac,15,24,38,18,24,27,50,39
hsa-miR-548ad-3p,183,166,274,154,88,151,450,294
hsa-miR-548ad-5p,0,0,14,14,10,8,13,14
hsa-miR-548ae-3p,15,6,13,0,5,2,10,0
hsa-miR-548ag,0,13,16,0,7,10,7,0
hsa-miR-548ah-5p,0,0,0,0,0,2,11,0
hsa-miR-548ai,0,0,11,0,12,0,0,0
hsa-miR-548al,7,13,21,21,12,8,23,6
hsa-miR-548an,0,0,0,0,0,14,5,0
hsa-miR-548ao-3p,11,23,23,7,22,31,28,13
hsa-miR-548ao-5p,6,12,10,0,3,33,9,0
hsa-miR-548ap-3p/548t-3p/548aa,27,10,16,11,10,16,32,29
hsa-miR-548ap-5p/548j-5p,9,28,18,9,13,15,11,14
hsa-miR-548ar-5p,5,12,23,13,7,63,32,12
hsa-miR-548as-3p,0,0,13,0,3,14,10,0
hsa-miR-548as-5p,0,0,15,6,7,10,20,10
hsa-miR-548at-3p,13,14,0,0,0,13,15,0
hsa-miR-548at-5p,0,0,12,0,19,4,13,0
hsa-miR-548au-5p/548c-5p/548o-5p/548am-5p,13,13,26,14,12,27,41,24
hsa-miR-548av-5p/548k,11,29,45,22,18,29,58,19
hsa-miR-548aw,80,73,111,58,73,111,157,139
hsa-miR-548ay-3p,86,335,372,235,193,203,509,265
hsa-miR-548az-5p,1,19,0,0,0,13,9,0
hsa-miR-548b-3p,8,23,16,0,3,12,12,0
hsa-miR-548b-5p,0,0,0,6,0,0,0,10
hsa-miR-548d-3p,11,9,0,0,0,31,24,0
hsa-miR-548d-5p,13,12,0,7,0,7,20,25
hsa-miR-548e-3p,38,9,29,5,15,7,44,45
hsa-miR-548e-5p,18,36,31,28,7,10,39,31
hsa-miR-548f-5p,0,0,10,0,9,7,17,0
hsa-miR-548h-5p,14,17,18,4,10,9,36,24
hsa-miR-548i,0,0,0,0,0,18,8,0
hsa-miR-548l,13,27,28,10,20,32,36,30
hsa-miR-548m,0,0,0,0,0,10,4,0
hsa-miR-548q,15,12,12,0,9,11,10,0
hsa-miR-548t-5p,4,31,16,13,8,18,30,25
hsa-miR-548v,34,14,15,9,4,6,33,20
hsa-miR-548w,0,0,12,0,11,9,11,0
hsa-miR-549a,12,30,11,14,9,12,32,21
hsa-miR-550a-3-5p,0,0,0,0,0,17,13,0
hsa-miR-550a-3p,58,114,109,137,97,90,213,79
hsa-miR-550a-5p,0,0,0,0,0,16,14,0
hsa-miR-550b-3p,19,119,81,165,174,189,120,67
hsa-miR-551a,49,146,162,96,74,125,210,117
hsa-miR-551b-3p,0,0,11,0,10,11,30,0
hsa-miR-551b-5p,11,119,26,14,14,17,14,11
hsa-miR-552-3p,2,21,21,16,18,14,31,14
hsa-miR-552-5p,49,116,79,65,54,107,261,65
hsa-miR-553,6,25,31,24,11,25,17,16
hsa-miR-554,10,19,21,14,13,11,36,24
hsa-miR-555,0,0,0,0,0,11,11,0
hsa-miR-556-3p,0,0,22,0,12,0,0,0
hsa-miR-556-5p,1,13,0,0,0,0,0,0
hsa-miR-557,29,130,89,92,106,93,170,70
hsa-miR-5571-3p,6,16,19,9,2,0,0,11
hsa-miR-5571-5p,0,0,0,4,0,0,0,10
hsa-miR-5572,18,69,74,59,63,75,103,39
hsa-miR-5579-5p,20,28,29,27,8,21,29,24
hsa-miR-558,145,186,222,132,154,161,384,209
hsa-miR-5580-3p,0,0,10,9,6,0,0,10
hsa-miR-5580-5p,3,14,0,0,0,0,0,0
hsa-miR-5581-3p,3,12,0,12,0,14,13,8
hsa-miR-5581-5p,5,15,0,10,0,0,0,5
hsa-miR-5582-3p,49,55,54,50,65,62,266,30
hsa-miR-5583-5p,25,10,14,17,17,23,51,22
hsa-miR-5584-3p,17,21,26,18,25,67,21,16
hsa-miR-5584-5p,41,67,72,32,42,38,74,75
hsa-miR-5585-3p,18,10,28,15,13,11,49,17
hsa-miR-5585-5p,21,29,44,25,18,32,69,15
hsa-miR-5586-3p,0,0,0,0,0,1,10,0
hsa-miR-5586-5p,0,0,11,0,8,15,3,0
hsa-miR-5587-3p,38,67,44,44,39,48,53,62
hsa-miR-5587-5p,16,27,25,18,32,23,29,20
hsa-miR-5588-5p,11,28,17,10,12,26,16,13
hsa-miR-5589-3p,7,14,18,6,10,0,0,12
hsa-miR-5589-5p,11,8,15,8,4,7,23,20
hsa-miR-5591-3p,12,12,17,0,6,17,11,0
hsa-miR-5591-5p,174,249,312,270,161,276,239,278
hsa-miR-561-3p,0,0,0,0,0,2,13,0
hsa-miR-561-5p,4,10,0,0,0,3,10,0
hsa-miR-562,52,52,56,36,52,38,75,53
hsa-miR-563,38,30,32,22,21,25,63,49
hsa-miR-564,7,10,17,1,9,11,6,11
hsa-miR-566,42,31,35,20,13,23,100,41
hsa-miR-567,9,11,13,10,22,7,18,14
hsa-miR-568,19,32,25,28,16,27,100,39
hsa-miR-5680,0,0,11,0,3,15,6,0
hsa-miR-5681a,18,28,49,59,36,49,78,36
hsa-miR-5681b,31,27,41,24,13,11,68,24
hsa-miR-5682,6,32,55,16,15,74,25,23
hsa-miR-5683,5,12,14,12,14,26,22,19
hsa-miR-5684,25,25,36,29,32,25,63,25
hsa-miR-5685,31,50,49,25,47,43,42,41
hsa-miR-5687,4,13,17,0,4,0,0,0
hsa-miR-5688,7,11,0,8,0,3,12,10
hsa-miR-5689,10,18,11,0,12,13,3,0
hsa-miR-569,12,23,32,8,15,15,24,15
hsa-miR-5690,5,14,11,14,12,8,17,10
hsa-miR-5691,33,103,101,111,170,130,190,64
hsa-miR-5692a,4727,6073,8065,6069,3795,5151,11826,6989
hsa-miR-5693,15,5,12,0,6,7,14,0
hsa-miR-5694,55,68,81,65,53,55,89,62
hsa-miR-5695,11,30,42,20,38,26,29,11
hsa-miR-5696,1,13,13,1,3,9,12,16
hsa-miR-5697,28,71,76,87,60,55,317,45
hsa-miR-5698,43,65,11,12,9,5,40,11
hsa-miR-5699-3p,4,16,34,10,20,21,32,15
hsa-miR-5699-5p,31,64,85,71,121,102,114,58
hsa-miR-570-3p,4,12,0,4,0,8,10,14
hsa-miR-5700,0,0,10,0,6,18,13,0
hsa-miR-5701,4,12,14,0,5,11,11,0
hsa-miR-5702,7,34,16,10,11,16,10,12
hsa-miR-5703,26,168,41,34,52,41,75,18
hsa-miR-5704,39,39,78,53,23,50,61,38
hsa-miR-5705,97,64,74,66,111,223,163,58
hsa-miR-5706,19,44,35,39,34,50,44,14
hsa-miR-5707,2,21,0,4,0,0,0,10
hsa-miR-5708,152,226,196,273,165,227,628,133
hsa-miR-571,9,17,20,10,20,20,32,14
hsa-miR-572,38,54,74,67,40,78,102,43
hsa-miR-573,0,0,12,8,14,2,16,15
hsa-miR-5739,13,14,13,25,27,16,52,15
hsa-miR-574-3p,51,123,221,132,122,214,211,315
hsa-miR-574-5p,121,164,181,122,129,252,133,332
hsa-miR-575,11,20,46,19,21,95,38,29
hsa-miR-576-3p,15,76,31,23,47,51,34,27
hsa-miR-576-5p,10,43,48,33,40,48,66,62
hsa-miR-578,5,32,33,27,18,25,25,17
hsa-miR-5787,30,75,66,71,71,76,98,62
hsa-miR-579-3p,4,37,0,0,0,4,11,0
hsa-miR-579-5p,17,26,43,10,11,14,33,30
hsa-miR-580-3p,7,12,16,11,9,5,18,9
hsa-miR-580-5p,0,0,14,11,1,9,26,17
hsa-miR-581,4,16,16,8,14,6,34,21
hsa-miR-582-3p,13,21,20,12,19,25,29,28
hsa-miR-582-5p,0,0,16,0,11,17,13,0
hsa-miR-583,4,19,19,8,12,16,12,11
hsa-miR-584-3p,19,43,63,50,57,69,111,30
hsa-miR-584-5p,27,41,35,29,33,26,81,51
hsa-miR-585-3p,42,108,132,69,68,81,282,99
hsa-miR-585-5p,13,23,14,13,14,13,36,9
hsa-miR-586,4,12,0,0,0,12,13,0
hsa-miR-587,10,3,9,0,14,8,55,0
hsa-miR-588,18,18,18,17,7,9,29,15
hsa-miR-589-3p,16,190,28,24,20,24,78,31
hsa-miR-589-5p,18,35,25,29,10,34,34,26
hsa-miR-590-3p,27,16,48,20,30,27,30,51
hsa-miR-590-5p,0,0,0,0,0,5,12,0
hsa-miR-591,6,48,32,50,28,38,77,36
hsa-miR-592,14,8,27,11,14,9,25,16
hsa-miR-593-3p,31,33,40,36,10,20,57,46
hsa-miR-593-5p,622,342,618,308,144,204,1054,1170
hsa-miR-595,56,61,62,52,55,41,160,49
hsa-miR-596,47,135,111,95,154,131,134,62
hsa-miR-597-3p,67,46,45,29,37,47,59,39
hsa-miR-597-5p,32,171,198,135,72,111,229,115
hsa-miR-598-3p,23,46,110,94,51,97,113,109
hsa-miR-598-5p,15,28,35,13,15,16,36,33
hsa-miR-599,0,0,12,0,3,0,0,0
hsa-miR-600,36,63,99,48,22,47,137,42
hsa-miR-601,19,16,12,18,5,8,49,25
hsa-miR-602,20,47,47,38,33,42,95,30
hsa-miR-604,30,54,41,25,22,26,50,27
hsa-miR-605-5p,55,131,192,123,31,73,186,144
hsa-miR-606,10,8,12,12,13,41,12,15
hsa-miR-6068,140,66,81,48,36,48,189,215
hsa-miR-6069,24,34,57,27,42,64,49,59
hsa-miR-607,7,13,6,4,15,15,16,11
hsa-miR-6070,7,28,17,36,37,20,34,22
hsa-miR-6071,16,32,40,57,35,38,65,33
hsa-miR-6072,12,35,47,24,11,10,60,38
hsa-miR-6073,3,27,21,24,4,23,31,16
hsa-miR-6074,48,224,285,329,214,323,700,199
hsa-miR-6075,132,301,347,285,365,413,599,218
hsa-miR-6076,26,39,33,31,26,58,59,22
hsa-miR-6077,9,22,16,21,12,13,34,13
hsa-miR-6078,504,104,93,117,51,102,1284,77
hsa-miR-6079,149,38,78,24,19,41,108,230
hsa-miR-608,22,59,68,51,49,65,74,34
hsa-miR-6080,8,100,46,21,16,44,47,23
hsa-miR-6081,16,34,74,52,47,80,80,46
hsa-miR-6082,20,55,23,16,23,35,50,13
hsa-miR-6083,69,127,119,55,91,111,73,102
hsa-miR-6084,199,672,639,599,476,635,1018,397
hsa-miR-6085,26,64,53,53,44,51,51,40
hsa-miR-6086,12,13,23,15,12,28,16,16
hsa-miR-6087,67,112,120,103,107,170,66,77
hsa-miR-6088,30,103,122,79,226,173,75,64
hsa-miR-6089,62,119,97,57,217,160,119,54
hsa-miR-609,8,14,20,6,13,14,23,10
hsa-miR-6090,44,79,75,39,106,66,89,43
hsa-miR-610,121,88,92,76,53,78,63,142
hsa-miR-611,16,35,54,36,31,51,87,55
hsa-miR-612,39,21,29,21,20,27,64,30
hsa-miR-6124,47,56,72,55,86,123,56,54
hsa-miR-6125,53,104,103,75,62,87,173,58
hsa-miR-6126,204,461,472,614,626,439,525,1048
hsa-miR-6127,26,65,67,36,89,88,28,62
hsa-miR-6128,1,13,14,0,6,0,0,0
hsa-miR-6129,33,123,141,162,145,97,111,113
hsa-miR-613,33,54,58,89,69,71,156,27
hsa-miR-6130,9,11,9,11,18,19,18,21
hsa-miR-6131,16,44,34,19,22,40,42,16
hsa-miR-6132,16,12,19,16,11,25,28,24
hsa-miR-6133,66,128,177,102,52,63,128,150
hsa-miR-6134,63,121,120,60,69,78,217,68
hsa-miR-614,449,731,861,899,2561,1284,813,510
hsa-miR-615-3p,52,78,82,76,185,117,98,115
hsa-miR-615-5p,35,60,69,69,45,57,131,46
hsa-miR-616-3p,226,491,538,326,381,361,660,428
hsa-miR-616-5p,44,67,12,0,14,12,19,0
hsa-miR-6165,39,52,76,45,52,54,111,65
hsa-miR-617,0,0,12,13,5,29,17,7
hsa-miR-618,8,26,26,16,32,26,29,14
hsa-miR-619-3p,34,25,30,21,17,11,74,60
hsa-miR-619-5p,16,33,36,26,41,47,24,36
hsa-miR-621,14,62,70,67,44,56,91,50
hsa-miR-622,6,14,11,11,20,58,23,10
hsa-miR-623,44,36,66,44,17,150,56,50
hsa-miR-624-3p,19,26,21,10,17,28,31,9
hsa-miR-624-5p,18,16,15,10,14,9,25,12
hsa-miR-625-3p,109,230,497,441,288,248,161,326
hsa-miR-625-5p,0,0,12,6,8,14,7,12
hsa-miR-626,15,37,55,30,31,117,58,42
hsa-miR-627-3p,11,13,10,9,6,14,12,10
hsa-miR-627-5p,0,0,33,10,18,11,23,18
hsa-miR-628-3p,117,162,187,267,77,172,397,182
hsa-miR-628-5p,0,0,10,7,6,23,12,15
hsa-miR-629-3p,54,71,96,44,40,53,111,106
hsa-miR-629-5p,129,305,258,142,199,497,498,300
hsa-miR-630,10,41,40,25,40,25,34,29
hsa-miR-631,47,98,131,73,88,71,109,102
hsa-miR-632,2,11,13,13,5,16,14,14
hsa-miR-633,0,0,0,6,0,13,9,10
hsa-miR-634,15,17,26,17,17,14,21,9
hsa-miR-635,21,54,105,44,72,46,88,58
hsa-miR-636,45,96,107,103,131,170,132,98
hsa-miR-637,17,54,35,27,39,37,59,29
hsa-miR-638,154,137,164,123,133,147,260,148
hsa-miR-639,57,72,97,71,45,55,221,55
hsa-miR-640,9,11,13,10,12,14,13,9
hsa-miR-641,7,15,21,14,9,15,18,11
hsa-miR-642a-3p,0,0,11,0,2,0,0,0
hsa-miR-642a-5p,10,29,28,20,34,36,22,23
hsa-miR-642b-3p,0,0,6,0,13,0,0,0
hsa-miR-642b-5p,21,22,41,22,16,22,50,49
hsa-miR-643,7,15,21,10,9,8,18,12
hsa-miR-644a,0,0,4,0,11,0,0,0
hsa-miR-645,13,5,13,0,3,2,43,0
hsa-miR-646,10,22,20,21,12,14,18,13
hsa-miR-647,33,41,45,34,42,25,78,42
hsa-miR-648,20,19,18,24,49,35,39,18
hsa-miR-649,21,40,32,23,23,45,39,36
hsa-miR-6499-3p,19,9,25,0,3,6,31,0
hsa-miR-6499-5p,23,57,36,24,16,14,36,27
hsa-miR-650,10,4,17,31,10,17,25,7
hsa-miR-6500-3p,142,183,201,189,172,264,453,294
hsa-miR-6500-5p,11,13,0,0,0,26,16,0
hsa-miR-6501-3p,5,20,25,13,7,4,23,17
hsa-miR-6501-5p,9,27,30,28,23,19,24,56
hsa-miR-6502-3p,0,15,0,0,0,0,0,0
hsa-miR-6502-5p,2,24,14,24,5,11,29,14
hsa-miR-6503-3p,97,28,64,31,29,29,129,132
hsa-miR-6503-5p,45,67,61,51,43,122,125,52
hsa-miR-6504-3p,9,24,29,25,69,45,28,13
hsa-miR-6504-5p,54,49,82,29,30,43,58,41
hsa-miR-6505-3p,91,121,136,162,71,134,284,101
hsa-miR-6505-5p,13,12,14,0,13,5,49,0
hsa-miR-6506-3p,0,0,16,10,10,7,24,6
hsa-miR-6506-5p,15,12,17,5,3,6,37,19
hsa-miR-6507-3p,6,21,22,13,34,29,21,9
hsa-miR-6507-5p,24,14,24,10,14,94,40,18
hsa-miR-6508-5p,50,13,39,17,10,22,66,62
hsa-miR-6509-3p,15,18,23,6,15,17,23,12
hsa-miR-6509-5p,0,0,10,0,4,6,16,0
hsa-miR-651-3p,12,15,21,20,20,20,19,9
hsa-miR-651-5p,25,34,43,19,16,39,37,25
hsa-miR-6510-3p,1,10,0,0,0,12,9,0
hsa-miR-6510-5p,14,28,34,29,44,35,27,25
hsa-miR-6511a-3p,0,0,21,5,21,9,14,11
hsa-miR-6511a-5p,44,60,77,45,32,35,79,67
hsa-miR-6511b-3p,13,34,38,35,49,57,49,24
hsa-miR-6511b-5p,28,72,53,30,75,52,90,45
hsa-miR-6512-3p,22,18,19,15,16,30,15,20
hsa-miR-6512-5p,10,10,10,8,8,7,26,18
hsa-miR-6513-3p,11,8,26,12,15,26,18,22
hsa-miR-6513-5p,17,24,33,4,7,40,24,13
hsa-miR-6514-3p,6,27,32,24,19,7,32,15
hsa-miR-6514-5p,11,21,27,15,23,38,18,11
hsa-miR-6515-3p,68,386,617,185,49,80,77,441
hsa-miR-6515-5p,120,285,374,267,303,345,236,250
hsa-miR-6516-3p,0,0,0,4,0,2,12,10
hsa-miR-6516-5p,7,18,18,5,5,5,10,30
hsa-miR-652-3p,32,32,46,39,20,42,79,50
hsa-miR-652-5p,6,28,24,22,46,25,11,16
hsa-miR-653-3p,6,20,26,16,8,14,11,26
hsa-miR-653-5p,6,10,0,0,0,6,22,0
hsa-miR-654-3p,34,63,125,72,76,277,178,292
hsa-miR-654-5p,26,100,140,117,56,84,177,58
hsa-miR-655-3p,0,0,0,0,0,1,14,0
hsa-miR-655-5p,8,11,0,0,0,0,0,0
hsa-miR-656-3p,96,100,155,91,20,59,382,114
hsa-miR-656-5p,0,0,11,15,5,4,16,11
hsa-miR-657,38,21,21,11,18,31,31,21
hsa-miR-658,42,80,60,49,53,80,83,50
hsa-miR-659-3p,21,21,17,16,22,27,27,28
hsa-miR-659-5p,38,97,98,36,33,33,130,67
hsa-miR-660-3p,5,12,7,14,10,25,10,7
hsa-miR-660-5p,60,115,82,58,44,125,213,95
hsa-miR-661,9,26,26,29,16,64,41,24
hsa-miR-662,18,40,40,11,74,59,59,35
hsa-miR-663a,19,43,93,65,55,96,91,61
hsa-miR-663b,39,87,61,56,36,67,91,75
hsa-miR-664a-3p,181,624,597,444,221,342,347,368
hsa-miR-664a-5p,52,99,52,59,58,122,105,88
hsa-miR-664b-3p,0,0,14,10,19,15,8,10
hsa-miR-664b-5p,131,128,138,92,85,90,106,152
hsa-miR-665,188,849,823,1015,324,798,1564,650
hsa-miR-668-3p,24,26,20,16,29,115,33,26
hsa-miR-668-5p,213,452,426,482,338,511,549,306
hsa-miR-670-3p,0,0,0,0,0,17,21,0
hsa-miR-670-5p,19,121,168,131,26,48,148,103
hsa-miR-671-3p,17,39,57,49,47,51,82,55
hsa-miR-671-5p,49,84,105,67,54,101,113,85
hsa-miR-6715a-3p,14,15,14,19,11,13,18,17
hsa-miR-6715b-3p,27,85,118,99,36,58,159,94
hsa-miR-6715b-5p,4,14,20,0,19,11,22,0
hsa-miR-6716-3p,17,64,86,42,35,55,73,54
hsa-miR-6716-5p,23,22,22,4,13,27,24,12
hsa-miR-6717-5p,190,149,151,90,102,109,292,454
hsa-miR-6718-5p,13,15,24,9,22,19,20,12
hsa-miR-6719-3p,17,11,10,10,2,10,7,9
hsa-miR-6720-3p,28,39,37,36,36,42,73,37
hsa-miR-6720-5p,32,94,98,94,138,147,105,69
hsa-miR-6721-5p,44,48,57,35,41,42,67,33
hsa-miR-6722-3p,68,69,75,64,29,68,100,69
hsa-miR-6722-5p,393,397,425,327,210,305,595,364
hsa-miR-6723-5p,16,16,24,24,22,23,39,30
hsa-miR-6724-5p,50,126,134,78,164,202,185,68
hsa-miR-6726-3p,52,76,89,76,59,78,120,73
hsa-miR-6726-5p,22,24,43,14,44,42,58,38
hsa-miR-6727-3p,17,34,28,28,33,41,40,32
hsa-miR-6727-5p,32,101,109,83,50,69,131,90
hsa-miR-6728-3p,28,32,27,30,23,20,59,25
hsa-miR-6728-5p,29,64,48,26,66,49,66,53
hsa-miR-6729-3p,60,124,131,68,111,102,105,88
hsa-miR-6729-5p,25,120,155,129,121,124,136,99
hsa-miR-6730-3p,10,34,48,36,37,43,56,27
hsa-miR-6730-5p,34,21,49,32,32,63,57,36
hsa-miR-6731-3p,69,152,118,77,88,86,109,119
hsa-miR-6731-5p,44,64,64,38,49,52,87,44
hsa-miR-6732-3p,57,105,153,108,148,150,94,137
hsa-miR-6732-5p,11,24,23,26,25,14,32,20
hsa-miR-6733-3p,0,0,0,0,0,4,11,0
hsa-miR-6733-5p,8,63,20,13,9,16,20,14
hsa-miR-6734-3p,25,74,84,67,186,120,56,100
hsa-miR-6734-5p,19,71,27,29,33,43,71,27
hsa-miR-6735-3p,94,95,129,97,58,112,241,113
hsa-miR-6735-5p,6,22,28,18,47,23,34,5
hsa-miR-6736-3p,18,22,32,12,24,27,50,43
hsa-miR-6736-5p,102,296,481,238,80,147,424,270
hsa-miR-6737-3p,144,142,131,116,255,153,179,146
hsa-miR-6737-5p,41,100,109,74,85,107,114,102
hsa-miR-6738-3p,0,0,19,7,13,13,19,11
hsa-miR-6738-5p,32,162,225,62,31,93,260,62
hsa-miR-6739-3p,0,0,10,0,2,0,0,0
hsa-miR-6739-5p,30,50,69,57,41,48,147,44
hsa-miR-6740-3p,10,20,19,22,26,29,17,16
hsa-miR-6740-5p,9,16,21,14,24,26,27,19
hsa-miR-6741-3p,18,36,34,12,34,40,29,30
hsa-miR-6741-5p,12,27,37,22,20,39,33,13
hsa-miR-6742-3p,18,13,20,13,6,13,28,30
hsa-miR-6742-5p,219,383,374,478,746,439,787,261
hsa-miR-6743-3p,256,402,347,175,73,263,410,157
hsa-miR-6743-5p,45,131,130,120,174,156,190,119
hsa-miR-6744-3p,11,11,10,17,10,24,19,7
hsa-miR-6744-5p,11,14,13,0,8,14,30,0
hsa-miR-6745,16,34,21,31,22,72,45,24
hsa-miR-6746-3p,39,71,91,66,71,110,91,78
hsa-miR-6746-5p,28,50,58,34,56,92,41,56
hsa-miR-6747-3p,30,33,25,48,51,63,43,32
hsa-miR-6747-5p,441,1610,1782,1444,1314,1705,1750,1375
hsa-miR-6748-3p,9,275,25,18,13,21,28,12
hsa-miR-6748-5p,18,89,71,52,81,87,87,51
hsa-miR-6749-3p,14,47,21,32,43,80,28,29
hsa-miR-6749-5p,43,65,62,24,54,61,88,44
hsa-miR-675-3p,42,121,149,109,63,175,125,121
hsa-miR-675-5p,52,192,291,151,88,134,121,246
hsa-miR-6750-3p,32,18,38,14,10,21,34,69
hsa-miR-6750-5p,97,118,135,96,68,85,170,145
hsa-miR-6751-3p,2,13,12,11,16,16,10,4
hsa-miR-6751-5p,14,32,25,25,23,26,21,12
hsa-miR-6752-3p,20,49,50,48,48,55,69,36
hsa-miR-6752-5p,38,124,106,98,113,142,99,104
hsa-miR-6753-3p,11,28,24,15,22,10,31,15
hsa-miR-6753-5p,3,22,20,28,27,35,37,14
hsa-miR-6754-3p,19,29,17,8,13,24,29,22
hsa-miR-6754-5p,12,93,17,14,12,31,20,18
hsa-miR-6755-3p,4,11,9,0,12,14,6,17
hsa-miR-6755-5p,4,13,0,11,0,9,11,17
hsa-miR-6756-3p,93,111,74,52,181,142,143,62
hsa-miR-6756-5p,442,2924,3776,1791,323,750,748,2892
hsa-miR-6757-3p,0,0,0,0,0,5,10,0
hsa-miR-6757-5p,96,67,70,53,26,43,123,153
hsa-miR-6758-3p,9,25,30,10,31,28,21,15
hsa-miR-6758-5p,121,468,467,438,545,492,602,381
hsa-miR-6759-3p,16,16,13,18,20,30,40,19
hsa-miR-6759-5p,0,0,10,0,13,9,15,0
hsa-miR-676-3p,55,80,99,85,75,78,158,67
hsa-miR-676-5p,8,13,14,7,12,8,17,17
hsa-miR-6760-3p,42,85,110,66,77,62,101,79
hsa-miR-6760-5p,113,108,99,45,22,181,111,69
hsa-miR-6761-3p,29,23,33,28,41,47,70,10
hsa-miR-6761-5p,10,32,20,29,55,31,53,14
hsa-miR-6762-3p,4,19,23,10,19,24,17,10
hsa-miR-6762-5p,23,36,28,23,18,15,39,15
hsa-miR-6763-3p,82,104,92,104,91,119,199,155
hsa-miR-6763-5p,23,37,33,19,26,36,56,30
hsa-miR-6764-5p,26,74,84,54,45,42,93,64
hsa-miR-6765-3p,17,24,45,25,12,18,43,26
hsa-miR-6765-5p,21,17,29,19,22,12,31,29
hsa-miR-6766-3p,18,31,35,31,68,49,65,31
hsa-miR-6766-5p,12,43,16,12,18,21,23,18
hsa-miR-6767-3p,43,25,35,15,27,23,47,45
hsa-miR-6767-5p,13,49,40,22,25,61,63,46
hsa-miR-6768-3p,15,19,16,14,14,14,30,12
hsa-miR-6768-5p,41,154,137,188,349,476,125,92
hsa-miR-6769a-3p,8,18,14,9,15,23,17,11
hsa-miR-6769a-5p,20,45,30,33,31,26,47,30
hsa-miR-6769b-3p,19,46,35,60,75,122,48,22
hsa-miR-6769b-5p,28,121,66,59,34,78,103,34
hsa-miR-6770-3p,35,58,79,52,33,36,65,48
hsa-miR-6770-5p,17,55,68,33,11,20,47,41
hsa-miR-6771-3p,25,32,53,13,16,25,41,25
hsa-miR-6771-5p,15,25,24,19,13,15,42,19
hsa-miR-6772-3p,7,20,13,20,10,25,10,5
hsa-miR-6772-5p,27,40,59,44,28,41,79,66
hsa-miR-6773-3p,10,18,13,0,10,22,13,0
hsa-miR-6773-5p,20,34,37,32,31,41,44,35
hsa-miR-6774-3p,13,18,13,11,8,16,23,11
hsa-miR-6774-5p,9,12,26,19,10,19,22,17
hsa-miR-6775-3p,15,23,18,12,17,25,33,25
hsa-miR-6775-5p,39,113,60,48,77,156,102,60
hsa-miR-6776-3p,13,17,24,11,25,28,14,11
hsa-miR-6776-5p,43,13,14,6,14,19,41,41
hsa-miR-6777-3p,26,215,272,116,73,154,151,136
hsa-miR-6777-5p,15,38,28,17,29,44,42,22
hsa-miR-6778-3p,9,11,15,14,12,24,16,10
hsa-miR-6778-5p,43,32,60,20,43,37,66,93
hsa-miR-6779-3p,13,34,40,16,30,32,37,19
hsa-miR-6779-5p,136,186,190,60,171,154,126,117
hsa-miR-6780a-3p,6,11,20,0,21,10,24,0
hsa-miR-6780a-5p,15,36,43,46,36,32,62,34
hsa-miR-6780b-3p,24,85,68,51,55,76,81,67
hsa-miR-6780b-5p,246,1150,1138,1054,1557,1333,2304,733
hsa-miR-6781-3p,14,31,23,35,60,28,53,25
hsa-miR-6781-5p,60,130,165,99,119,108,175,115
hsa-miR-6782-3p,6,22,28,17,17,18,15,18
hsa-miR-6782-5p,74,113,128,143,110,112,258,76
hsa-miR-6783-3p,25,68,61,45,69,53,100,54
hsa-miR-6783-5p,23,91,121,88,167,298,120,75
hsa-miR-6784-3p,113,149,205,174,115,142,749,139
hsa-miR-6784-5p,17,22,42,28,11,27,19,29
hsa-miR-6785-3p,71,207,161,117,85,142,189,122
hsa-miR-6785-5p,55,116,49,54,54,72,87,61
hsa-miR-6786-3p,28,23,27,17,29,26,64,16
hsa-miR-6786-5p,20,56,43,37,54,64,68,44
hsa-miR-6787-3p,3,23,17,26,16,30,47,12
hsa-miR-6787-5p,114,184,231,174,80,135,328,159
hsa-miR-6788-3p,81,163,174,141,99,163,264,132
hsa-miR-6788-5p,11,17,27,13,14,14,24,13
hsa-miR-6789-3p,18,36,36,46,30,27,61,37
hsa-miR-6789-5p,97,111,156,111,141,141,196,134
hsa-miR-6790-3p,98,144,194,189,489,252,260,128
hsa-miR-6790-5p,52,112,94,87,101,154,145,83
hsa-miR-6791-3p,18,130,60,36,64,68,81,33
hsa-miR-6791-5p,19,70,54,48,49,58,117,50
hsa-miR-6792-3p,143,124,150,100,128,120,231,117
hsa-miR-6792-5p,77,108,150,104,109,109,129,101
hsa-miR-6793-3p,56,78,60,53,87,74,142,42
hsa-miR-6793-5p,19,39,40,21,16,264,56,39
hsa-miR-6794-3p,23,101,112,79,157,125,155,66
hsa-miR-6794-5p,214,454,564,314,552,653,770,377
hsa-miR-6795-3p,49,52,70,50,48,75,198,39
hsa-miR-6795-5p,75,208,171,211,488,366,214,133
hsa-miR-6796-3p,53,54,63,49,86,72,65,48
hsa-miR-6796-5p,30,94,116,123,273,239,123,78
hsa-miR-6797-3p,27,29,33,27,41,36,31,27
hsa-miR-6797-5p,25,34,19,21,36,45,33,18
hsa-miR-6798-3p,36,81,80,70,132,108,75,57
hsa-miR-6798-5p,48,83,39,25,31,48,61,32
hsa-miR-6799-3p,0,0,0,10,0,0,0,8
hsa-miR-6799-5p,20,26,43,35,29,47,34,27
hsa-miR-6800-3p,44,32,45,22,45,48,59,39
hsa-miR-6800-5p,89,75,106,58,69,428,109,91
hsa-miR-6801-3p,36,33,43,23,39,40,40,38
hsa-miR-6801-5p,19,25,22,16,59,32,27,24
hsa-miR-6802-3p,39,54,54,37,52,68,101,48
hsa-miR-6802-5p,62,94,119,59,97,78,162,99
hsa-miR-6803-3p,11,49,65,50,31,59,49,48
hsa-miR-6803-5p,88,126,108,99,122,138,107,82
hsa-miR-6804-3p,43,27,30,20,26,19,74,22
hsa-miR-6804-5p,15,24,19,6,19,20,20,14
hsa-miR-6805-3p,94,105,128,75,81,138,108,91
hsa-miR-6805-5p,28,47,50,37,44,62,63,30
hsa-miR-6806-3p,12,80,83,33,42,27,62,50
hsa-miR-6806-5p,12,29,37,9,16,15,40,23
hsa-miR-6807-3p,5,10,8,8,10,15,15,12
hsa-miR-6807-5p,8,31,27,27,30,24,29,31
hsa-miR-6808-3p,9,64,70,41,109,116,47,42
hsa-miR-6808-5p,8,20,31,45,28,135,35,39
hsa-miR-6809-3p,37,36,57,26,64,47,22,38
hsa-miR-6809-5p,22,11,28,15,20,42,15,21
hsa-miR-6810-3p,27,40,57,23,36,48,56,38
hsa-miR-6810-5p,11,15,31,26,17,16,102,29
hsa-miR-6811-3p,16,7,18,10,13,29,54,22
hsa-miR-6811-5p,9,13,50,30,14,18,24,28
hsa-miR-6812-3p,102,130,108,91,67,93,252,70
hsa-miR-6812-5p,72,128,149,141,150,139,201,112
hsa-miR-6813-3p,14,25,25,22,30,47,15,16
hsa-miR-6813-5p,42,93,112,95,77,89,205,115
hsa-miR-6814-3p,29,125,79,108,156,173,122,52
hsa-miR-6814-5p,20,50,68,14,40,31,80,19
hsa-miR-6815-3p,64,45,40,30,49,47,28,27
hsa-miR-6815-5p,37,37,39,28,17,39,94,39
hsa-miR-6816-3p,8,21,20,20,12,17,31,6
hsa-miR-6816-5p,296,686,575,600,1229,871,811,315
hsa-miR-6817-3p,2,16,19,9,14,22,26,12
hsa-miR-6817-5p,0,0,13,9,15,11,15,13
hsa-miR-6818-3p,9,16,0,12,0,17,43,6
hsa-miR-6818-5p,0,0,19,0,11,9,17,0
hsa-miR-6819-3p,25,16,22,13,11,36,29,19
hsa-miR-6819-5p,23,39,46,18,40,51,45,20
hsa-miR-6820-3p,52,185,128,125,155,187,202,82
hsa-miR-6820-5p,39,148,189,134,128,245,191,76
hsa-miR-6821-3p,43,71,68,65,83,70,124,64
hsa-miR-6821-5p,146,134,161,107,106,137,152,126
hsa-miR-6822-3p,10,13,27,12,19,21,54,15
hsa-miR-6822-5p,19,43,37,24,43,28,46,18
hsa-miR-6823-3p,23,60,60,23,55,87,77,56
hsa-miR-6823-5p,31,40,72,33,36,75,37,38
hsa-miR-6824-3p,0,0,14,0,4,6,17,0
hsa-miR-6824-5p,40,71,128,84,56,121,135,81
hsa-miR-6825-3p,30,83,73,68,113,80,109,57
hsa-miR-6825-5p,6,35,17,7,7,11,26,14
hsa-miR-6826-3p,68,107,124,90,157,146,186,82
hsa-miR-6826-5p,8,17,40,24,14,17,30,29
hsa-miR-6827-3p,10,40,35,18,18,29,36,18
hsa-miR-6827-5p,8,23,31,36,15,35,36,15
hsa-miR-6828-3p,3,15,16,0,6,10,11,0
hsa-miR-6828-5p,13,25,24,15,28,12,40,25
hsa-miR-6829-3p,12,36,35,28,65,63,44,16
hsa-miR-6829-5p,11,12,15,15,14,15,32,20
hsa-miR-6830-3p,26,38,62,33,34,52,41,26
hsa-miR-6830-5p,16,33,33,24,13,38,42,32
hsa-miR-6831-3p,11,21,24,13,12,20,26,25
hsa-miR-6831-5p,44,78,76,42,45,60,100,68
hsa-miR-6832-3p,12,28,32,22,34,34,23,17
hsa-miR-6832-5p,51,131,104,90,67,56,243,108
hsa-miR-6833-3p,28,17,31,31,28,37,48,20
hsa-miR-6833-5p,10,35,46,38,40,60,43,28
hsa-miR-6834-3p,8,18,14,16,13,33,20,12
hsa-miR-6834-5p,9,49,25,23,20,36,30,9
hsa-miR-6835-3p,5,11,0,0,0,0,0,0
hsa-miR-6835-5p,5,20,25,20,13,45,48,25
hsa-miR-6836-3p,83,329,353,321,254,318,362,212
hsa-miR-6836-5p,196,1218,1234,1142,728,1744,1155,769
hsa-miR-6837-3p,2,16,11,0,1,0,0,0
hsa-miR-6837-5p,13,45,36,15,35,30,34,13
hsa-miR-6838-3p,0,0,10,9,7,3,37,17
hsa-miR-6838-5p,13,18,28,13,19,26,22,14
hsa-miR-6839-3p,0,0,13,0,13,9,15,0
hsa-miR-6839-5p,27,30,52,17,24,41,31,20
hsa-miR-6840-3p,19,41,33,21,22,40,58,20
hsa-miR-6840-5p,63,85,140,72,72,88,128,126
hsa-miR-6841-3p,0,0,10,0,9,0,0,0
hsa-miR-6841-5p,11,6,10,0,4,7,11,0
hsa-miR-6842-3p,7,16,23,19,18,34,38,13
hsa-miR-6842-5p,8,26,20,10,11,15,39,17
hsa-miR-6843-3p,12,13,15,19,12,14,48,22
hsa-miR-6844,0,0,15,0,7,0,0,0
hsa-miR-6845-3p,59,33,43,15,27,24,40,60
hsa-miR-6845-5p,15,14,9,13,13,21,14,13
hsa-miR-6846-3p,30,52,55,61,78,58,84,48
hsa-miR-6846-5p,28,48,68,56,81,70,79,55
hsa-miR-6847-3p,10,14,16,16,7,10,19,6
hsa-miR-6847-5p,16,18,21,12,10,10,32,20
hsa-miR-6848-3p,4,11,21,15,16,16,13,10
hsa-miR-6848-5p,29,52,60,54,41,61,55,62
hsa-miR-6849-3p,4,22,19,16,4,16,14,9
hsa-miR-6849-5p,60,29,21,18,33,46,83,30
hsa-miR-6850-3p,35,73,121,94,91,105,178,75
hsa-miR-6850-5p,93,195,224,158,165,207,410,175
hsa-miR-6851-3p,15,25,35,33,26,22,49,27
hsa-miR-6851-5p,38,122,120,103,129,152,128,74
hsa-miR-6852-3p,0,0,24,15,27,20,22,17
hsa-miR-6852-5p,13,19,25,19,18,15,24,22
hsa-miR-6853-3p,81,128,148,74,45,56,282,151
hsa-miR-6853-5p,11,27,37,24,24,25,36,18
hsa-miR-6854-3p,4,11,15,8,8,10,12,11
hsa-miR-6854-5p,6,19,17,16,35,17,19,5
hsa-miR-6855-3p,48,104,77,37,39,55,75,65
hsa-miR-6855-5p,108,279,314,227,245,275,383,283
hsa-miR-6856-3p,14,25,27,17,22,18,17,8
hsa-miR-6856-5p,15,52,47,19,17,15,21,18
hsa-miR-6857-3p,843,1372,1855,1314,811,928,1850,1661
hsa-miR-6857-5p,52,113,118,111,55,131,103,84
hsa-miR-6858-3p,16,34,31,16,25,24,42,19
hsa-miR-6858-5p,26,45,62,23,25,54,65,32
hsa-miR-6859-3p,13,44,35,6,17,24,22,26
hsa-miR-6859-5p,4,20,20,16,19,21,26,26
hsa-miR-6860,62,72,55,38,26,46,117,61
hsa-miR-6861-3p,153,422,440,439,264,501,584,364
hsa-miR-6861-5p,10,19,19,12,21,42,13,17
hsa-miR-6862-3p,71,115,153,165,317,235,347,110
hsa-miR-6862-5p,8,22,15,0,18,15,23,0
hsa-miR-6863,137,433,299,274,519,466,987,278
hsa-miR-6864-3p,3,11,16,12,13,16,9,5
hsa-miR-6864-5p,6,11,12,8,5,5,32,11
hsa-miR-6865-3p,52,43,47,26,47,58,100,51
hsa-miR-6865-5p,26,54,69,71,126,76,64,72
hsa-miR-6866-3p,11,15,30,23,14,22,45,23
hsa-miR-6866-5p,19,13,18,11,6,13,21,8
hsa-miR-6867-3p,15,21,31,16,28,21,14,18
hsa-miR-6867-5p,32,32,41,27,42,39,64,26
hsa-miR-6868-3p,0,0,20,4,18,18,15,11
hsa-miR-6868-5p,2,15,13,8,11,11,17,10
hsa-miR-6869-3p,19,59,43,61,59,54,60,33
hsa-miR-6869-5p,39,141,171,101,134,150,193,85
hsa-miR-6870-3p,23,20,31,29,25,110,21,29
hsa-miR-6870-5p,8,25,17,10,13,73,24,20
hsa-miR-6871-3p,50,103,143,96,55,68,101,83
hsa-miR-6871-5p,29,74,78,64,37,57,75,43
hsa-miR-6872-3p,11,38,42,35,26,72,37,27
hsa-miR-6872-5p,8,26,21,19,15,16,29,23
hsa-miR-6873-3p,3,21,35,21,25,27,33,23
hsa-miR-6873-5p,1332,2869,2542,2743,1238,1258,8822,1934
hsa-miR-6874-3p,0,0,9,4,10,0,0,10
hsa-miR-6874-5p,17,20,21,15,25,31,37,23
hsa-miR-6875-3p,24,42,31,30,13,28,19,28
hsa-miR-6875-5p,52,483,458,361,60,125,84,240
hsa-miR-6876-3p,13,7,13,12,10,12,19,18
hsa-miR-6876-5p,9,20,12,10,12,21,18,8
hsa-miR-6877-3p,13,32,39,22,32,23,57,45
hsa-miR-6877-5p,61,175,202,147,275,161,189,159
hsa-miR-6878-3p,14,34,50,40,28,28,56,26
hsa-miR-6878-5p,14,40,41,35,14,8,19,25
hsa-miR-6879-3p,36,51,67,30,57,60,59,34
hsa-miR-6879-5p,23,32,37,30,36,46,40,18
hsa-miR-6880-3p,79,141,146,137,90,141,152,110
hsa-miR-6881-3p,30,103,85,64,55,70,53,61
hsa-miR-6881-5p,16,30,43,43,60,35,39,38
hsa-miR-6882-3p,21,26,31,18,40,30,50,35
hsa-miR-6882-5p,14,12,28,20,15,18,39,15
hsa-miR-6883-3p,20,45,45,32,53,40,53,40
hsa-miR-6883-5p,85,298,324,287,245,276,589,200
hsa-miR-6884-3p,27,54,52,52,40,72,77,39
hsa-miR-6884-5p,43,114,107,87,36,42,54,69
hsa-miR-6885-3p,15,13,20,10,12,26,21,8
hsa-miR-6885-5p,18,36,33,13,13,31,40,20
hsa-miR-6886-3p,103,87,53,46,69,105,64,77
hsa-miR-6886-5p,48,111,108,102,55,96,161,60
hsa-miR-6887-3p,161,272,222,314,271,274,596,211
hsa-miR-6887-5p,18,38,47,47,16,48,74,36
hsa-miR-6888-3p,14,34,27,44,69,25,38,15
hsa-miR-6888-5p,37,66,72,31,36,33,41,42
hsa-miR-6889-3p,7,27,21,7,15,23,23,20
hsa-miR-6889-5p,139,156,171,123,124,160,256,130
hsa-miR-6890-3p,27,19,29,19,17,18,21,26
hsa-miR-6890-5p,175,369,395,386,411,456,929,312
hsa-miR-6891-3p,228,577,413,727,1189,1141,1241,336
hsa-miR-6891-5p,50,43,66,27,45,57,67,53
hsa-miR-6892-3p,65,50,45,43,43,57,81,84
hsa-miR-6892-5p,73,218,219,149,220,176,249,197
hsa-miR-6893-3p,18,34,37,21,23,19,28,10
hsa-miR-6893-5p,36,98,118,76,36,107,168,86
hsa-miR-6894-3p,14,31,21,25,37,38,16,23
hsa-miR-6894-5p,24,41,30,18,21,42,42,19
hsa-miR-6895-3p,64,79,112,79,57,61,100,114
hsa-miR-6895-5p,14,16,0,19,0,7,24,17
hsa-miR-7-1-3p,14,20,33,25,8,27,31,19
hsa-miR-7-2-3p,10,15,19,0,18,21,13,0
hsa-miR-7-5p,107,211,208,208,94,189,262,299
hsa-miR-708-3p,18,12,17,11,4,9,23,6
hsa-miR-708-5p,64,40,65,47,21,54,103,65
hsa-miR-7106-3p,16,22,24,18,16,22,20,26
hsa-miR-7106-5p,18,34,21,0,26,18,24,0
hsa-miR-7107-3p,0,0,27,9,20,18,17,13
hsa-miR-7107-5p,450,939,1120,1419,826,1196,2103,867
hsa-miR-7108-3p,165,748,989,804,733,716,829,592
hsa-miR-7108-5p,48,98,113,99,70,96,166,80
hsa-miR-7109-3p,34,21,30,28,50,47,24,26
hsa-miR-7109-5p,13,28,37,30,39,41,29,31
hsa-miR-711,15,21,28,16,20,34,53,29
hsa-miR-7110-3p,25,69,52,38,90,79,53,40
hsa-miR-7110-5p,34,36,42,29,41,45,40,26
hsa-miR-7111-3p,53,67,82,83,53,131,218,64
hsa-miR-7111-5p,8,37,48,21,16,26,23,29
hsa-miR-7112-3p,3,25,26,24,53,38,30,19
hsa-miR-7112-5p,20,26,21,15,10,22,32,15
hsa-miR-7113-3p,29,298,321,159,199,213,165,196
hsa-miR-7113-5p,25,21,30,11,4,12,30,70
hsa-miR-7114-3p,20,55,35,28,69,61,52,33
hsa-miR-7114-5p,11,21,19,20,5,20,44,8
hsa-miR-7150,22,42,39,35,44,38,57,24
hsa-miR-7151-3p,8,10,20,10,16,18,23,8
hsa-miR-7151-5p,5,19,22,11,9,19,15,6
hsa-miR-7152-3p,12,24,39,38,6,26,31,25
hsa-miR-7152-5p,23,29,32,22,43,47,55,36
hsa-miR-7153-3p,9,24,23,12,8,14,25,12
hsa-miR-7153-5p,7,16,9,7,11,15,16,14
hsa-miR-7154-3p,9,13,11,0,6,13,11,0
hsa-miR-7154-5p,15,105,19,17,9,15,36,19
hsa-miR-7155-3p,7,22,0,12,0,27,8,4
hsa-miR-7155-5p,48,66,76,53,77,74,59,59
hsa-miR-7156-3p,26,68,76,69,63,69,148,66
hsa-miR-7156-5p,5,10,12,13,3,15,16,7
hsa-miR-7157-3p,11,10,26,4,19,17,22,13
hsa-miR-7157-5p,0,0,10,0,4,0,0,0
hsa-miR-7158-3p,4,13,0,0,0,0,0,0
hsa-miR-7158-5p,14,17,25,27,15,14,39,10
hsa-miR-7159-3p,11,9,0,0,0,11,8,0
hsa-miR-7159-5p,7,112,44,32,21,48,46,26
hsa-miR-7160-3p,24,22,33,15,16,20,91,33
hsa-miR-7160-5p,75,93,124,60,54,80,90,88
hsa-miR-7161-3p,9,28,25,24,15,26,28,21
hsa-miR-7161-5p,27,61,66,45,90,68,106,55
hsa-miR-7162-3p,40,87,74,51,67,59,152,67
hsa-miR-7162-5p,18,27,20,3,21,15,25,11
hsa-miR-718,130,330,374,229,268,276,450,250
hsa-miR-744-3p,99,91,139,143,75,119,186,142
hsa-miR-744-5p,108,187,214,176,156,228,324,258
hsa-miR-7515,0,0,11,3,11,11,12,12
hsa-miR-758-3p,29,54,52,35,44,45,67,53
hsa-miR-758-5p,13,12,14,15,3,14,15,11
hsa-miR-759,60,208,201,163,57,88,313,128
hsa-miR-760,61,48,47,50,78,95,87,62
hsa-miR-761,16,27,33,33,8,30,42,28
hsa-miR-762,36,94,112,58,57,101,108,74
hsa-miR-764,19,54,68,40,37,41,43,27
hsa-miR-7641,24,43,69,73,34,27,83,116
hsa-miR-765,32,37,39,40,48,44,57,34
hsa-miR-766-3p,52,418,79,47,51,60,65,50
hsa-miR-766-5p,30,48,54,47,41,32,52,57
hsa-miR-767-3p,26,55,66,59,75,73,62,55
hsa-miR-767-5p,16,25,18,14,12,22,39,16
hsa-miR-769-3p,96,230,181,232,195,213,238,134
hsa-miR-769-5p,249,92,146,93,37,62,323,477
hsa-miR-770-5p,20,13,15,11,18,12,36,25
hsa-miR-7702,16,22,27,16,8,17,41,17
hsa-miR-7703,9,12,13,15,17,21,16,20
hsa-miR-7704,59,72,90,42,53,58,429,94
hsa-miR-7705,10,6,0,0,0,0,0,0
hsa-miR-7706,31,16,17,16,11,12,37,13
hsa-miR-7843-3p,28,27,72,43,44,47,33,41
hsa-miR-7843-5p,287,277,432,242,71,213,738,510
hsa-miR-7844-5p,20,14,26,8,23,12,44,13
hsa-miR-7845-5p,37,104,102,66,226,111,112,70
hsa-miR-7846-3p,13,23,26,15,23,24,33,22
hsa-miR-7847-3p,46,63,68,48,94,85,109,36
hsa-miR-7848-3p,16,34,41,35,14,30,34,30
hsa-miR-7849-3p,93,377,373,429,650,928,447,266
hsa-miR-7850-5p,11,17,23,17,12,34,25,14
hsa-miR-7851-3p,38,32,37,74,28,32,71,40
hsa-miR-7853-5p,6,16,12,8,8,8,35,16
hsa-miR-7854-3p,9,48,39,40,58,57,46,36
hsa-miR-7855-5p,31,45,51,35,53,55,102,55
hsa-miR-7856-5p,8,79,116,72,18,24,33,34
hsa-miR-7974,9,16,10,22,2,7,19,4
hsa-miR-7975,10,24,18,20,12,16,32,13
hsa-miR-7976,0,0,9,6,11,50,12,22
hsa-miR-7977,24,33,37,29,24,62,39,56
hsa-miR-7978,28,18,21,23,13,26,47,34
hsa-miR-802,18,24,35,17,9,22,16,36
hsa-miR-8052,52,88,104,41,38,54,88,179
hsa-miR-8053,22,24,32,14,15,28,65,85
hsa-miR-8054,11,18,20,4,10,44,12,20
hsa-miR-8055,81,155,172,160,140,123,411,128
hsa-miR-8056,10,12,18,12,13,6,31,10
hsa-miR-8057,26,30,43,17,13,22,41,74
hsa-miR-8058,14,54,71,27,32,22,49,37
hsa-miR-8059,24,20,18,5,14,28,24,26
hsa-miR-8060,54,32,28,19,28,32,83,26
hsa-miR-8061,11,21,30,26,15,32,39,30
hsa-miR-8062,18,17,21,6,2,21,18,14
hsa-miR-8063,23,121,60,80,12,43,105,40
hsa-miR-8064,11,29,26,17,19,24,30,15
hsa-miR-8065,10,74,29,13,12,53,24,21
hsa-miR-8066,41,37,61,36,61,36,110,46
hsa-miR-8067,0,0,0,0,0,3,10,0
hsa-miR-8068,6,21,14,15,11,18,18,8
hsa-miR-8069,225,144,228,124,95,163,349,334
hsa-miR-8070,7,16,16,16,12,9,25,5
hsa-miR-8071,42,43,45,31,44,225,67,42
hsa-miR-8072,56,123,75,77,83,129,151,70
hsa-miR-8073,74,56,91,78,75,111,190,41
hsa-miR-8074,10,20,31,40,23,20,68,28
hsa-miR-8075,30,38,30,24,20,24,45,26
hsa-miR-8076,0,0,14,0,1,0,0,0
hsa-miR-8077,49,112,121,93,81,96,196,82
hsa-miR-8078,34,49,52,38,29,41,92,71
hsa-miR-8079,11,20,25,15,14,19,24,18
hsa-miR-8080,10,22,22,22,24,42,29,32
hsa-miR-8081,0,0,0,5,0,0,0,11
hsa-miR-8082,19,17,22,28,25,22,30,24
hsa-miR-8083,38,33,43,41,40,48,66,60
hsa-miR-8084,0,0,11,0,3,0,0,0
hsa-miR-8085,50,19,28,20,48,36,57,85
hsa-miR-8086,0,0,23,8,7,4,12,10
hsa-miR-8087,0,0,14,4,22,6,10,13
hsa-miR-8088,24,18,20,12,16,27,23,8
hsa-miR-8089,68,91,74,84,81,77,139,64
hsa-miR-8485,0,0,18,23,6,7,19,15
hsa-miR-873-3p,19,41,57,36,33,74,57,54
hsa-miR-873-5p,32,71,93,49,42,187,99,117
hsa-miR-874-3p,76,294,365,376,239,387,507,244
hsa-miR-874-5p,42,54,43,22,52,68,75,25
hsa-miR-875-3p,41,23,49,31,24,10,63,57
hsa-miR-875-5p,9,11,30,0,8,14,13,0
hsa-miR-876-3p,0,0,0,0,0,2,14,0
hsa-miR-876-5p,5,14,15,0,6,11,11,0
hsa-miR-877-3p,41,63,53,38,88,87,45,38
hsa-miR-877-5p,21,37,33,32,26,38,50,26
hsa-miR-885-3p,296,353,446,258,300,345,382,376
hsa-miR-885-5p,37,43,39,20,36,126,48,22
hsa-miR-887-3p,15,49,64,44,33,65,63,55
hsa-miR-887-5p,6,12,16,10,10,16,16,7
hsa-miR-888-3p,25,76,79,82,151,77,65,64
hsa-miR-888-5p,14,9,19,0,6,8,19,0
hsa-miR-889-3p,35,45,52,24,15,55,65,86
hsa-miR-889-5p,20,38,39,39,19,24,37,22
hsa-miR-890,0,0,14,7,3,14,21,10
hsa-miR-891a-3p,6,19,11,13,14,10,23,18
hsa-miR-891a-5p,83,141,202,173,77,144,350,180
hsa-miR-891b,0,0,0,12,0,0,0,7
hsa-miR-892a,0,0,20,0,5,9,10,0
hsa-miR-892b,49,49,57,21,44,33,62,63
hsa-miR-892c-3p,0,0,14,0,7,5,12,0
hsa-miR-9-3p,5,13,15,7,13,10,26,16
hsa-miR-9-5p,25,24,53,13,10,44,137,31
hsa-miR-920,18,19,16,11,23,16,41,18
hsa-miR-921,95,244,222,247,190,261,575,126
hsa-miR-922,22,14,10,0,8,12,20,0
hsa-miR-92a-1-5p,39,117,110,83,149,115,101,86
hsa-miR-92a-2-5p,11,23,26,15,15,29,26,14
hsa-miR-92a-3p,2451,3845,4038,2262,5042,8754,4975,5570
hsa-miR-92b-3p,143,258,212,160,280,346,242,281
hsa-miR-92b-5p,44,87,54,31,76,74,71,88
hsa-miR-93-3p,35,107,140,75,242,181,134,81
hsa-miR-93-5p,682,1626,1939,1802,1328,1619,3405,2315
hsa-miR-933,73,110,110,111,87,65,354,105
hsa-miR-934,24,63,57,40,31,28,74,56
hsa-miR-935,112,146,143,180,144,195,290,135
hsa-miR-936,87,46,72,32,73,81,113,91
hsa-miR-937-3p,28,27,48,32,25,43,91,39
hsa-miR-937-5p,36,48,75,44,26,72,66,44
hsa-miR-938,11,28,48,34,26,54,14,23
hsa-miR-939-3p,8,22,25,15,12,20,19,18
hsa-miR-939-5p,11,43,35,20,39,25,31,21
hsa-miR-940,39,137,130,103,207,171,179,72
hsa-miR-941,22,46,53,27,34,58,84,91
hsa-miR-942-3p,17,26,15,13,19,14,22,21
hsa-miR-942-5p,18,36,49,31,22,37,56,67
hsa-miR-943,65,72,92,88,45,87,112,80
hsa-miR-944,37,64,74,43,53,43,90,66
hsa-miR-95-3p,79,57,105,94,57,236,305,169
hsa-miR-95-5p,0,0,10,4,1,0,0,14
hsa-miR-9500,7,21,12,0,6,10,18,0
hsa-miR-96-3p,19,50,58,52,32,38,101,33
hsa-miR-96-5p,0,0,0,3,0,5,28,20
hsa-miR-98-3p,19,20,17,16,19,21,26,31
hsa-miR-98-5p,456,667,796,723,393,615,616,1364
hsa-miR-99a-3p,7,19,28,15,15,19,30,27
hsa-miR-99a-5p,685,755,1113,645,760,1998,1190,1479
hsa-miR-99b-3p,52,74,67,77,50,79,88,97
hsa-miR-99b-5p,278,538,807,677,422,869,507,1101
