miRNA,46,31,56, 1A,24,57,58,54
MIMAT0000062,15,0,4,3,0,0,9,0
MIMAT0000062_1,77,93,71,116,88,117,40,190
MIMAT0000062_2,14,12,10,11,13,20,11,42
MIMAT0000063,111483,61325,51912,56685,58804,116938,77152,167314
MIMAT0000064,15282,10444,11458,14178,7822,19460,9918,30157
MIMAT0000065,1436,953,842,819,802,1279,999,1970
MIMAT0000066,7516,5279,4210,4792,3783,6899,3146,12630
MIMAT0000067,310,262,248,246,222,299,139,492
MIMAT0000067_1,1992,1813,1749,2391,1554,2644,1062,6268
MIMAT0000068,150,74,131,48,85,96,304,187
MIMAT0000069,1,0,3,1,2,0,5,2
MIMAT0000069_1,59,50,40,24,33,32,99,75
MIMAT0000070,89,65,114,165,80,159,73,179
MIMAT0000071,0,11,9,6,0,7,14,15
MIMAT0000072,16,4,21,29,17,11,13,21
MIMAT0000073,16,19,73,66,24,64,104,148
MIMAT0000074,0,0,0,0,0,0,0,0
MIMAT0000074_1,0,0,0,2,0,3,2,3
MIMAT0000075,650,549,622,575,402,624,777,1211
MIMAT0000076,28676,22609,17546,12841,18236,47569,30776,40602
MIMAT0000077,0,0,0,0,0,0,0,0
MIMAT0000078,890,727,812,496,328,684,2449,1046
MIMAT0000079,0,0,0,0,0,0,1,0
MIMAT0000080,0,0,0,0,0,0,0,0
MIMAT0000080_1,0,1,0,4,0,1,0,0
MIMAT0000081,5368,3763,3034,3143,2446,5300,6739,7009
MIMAT0000082,9,5,8,3,1,5,4,18
MIMAT0000082_1,0,0,3,0,0,2,0,4
MIMAT0000083,2907,2279,2953,2467,2226,3781,3289,6292
MIMAT0000084,417,316,441,214,131,398,1310,399
MIMAT0000085,6,0,9,0,1,4,8,9
MIMAT0000086,1823,1260,1770,1373,752,3850,2148,3377
MIMAT0000087,8201,14351,13867,12666,5017,9536,12180,17861
MIMAT0000088,1982,2199,1754,2199,811,1780,1483,2983
MIMAT0000089,160,68,238,128,188,197,330,633
MIMAT0000090,83,104,97,39,49,151,82,147
MIMAT0000091,0,28,71,38,6,20,55,43
MIMAT0000092,72,128,199,146,294,308,156,530
MIMAT0000092_1,8,25,10,2,24,14,6,48
MIMAT0000093,2775,2628,2706,3183,1666,2356,4452,5141
MIMAT0000094,209,73,118,128,62,235,327,293
MIMAT0000095,0,7,5,0,1,2,21,18
MIMAT0000096,1313,1251,1297,1532,672,892,789,3108
MIMAT0000097,1934,1199,1502,1096,1033,2637,1256,2712
MIMAT0000098,249,83,180,86,264,550,133,406
MIMAT0000099,3,0,0,0,0,0,0,6
MIMAT0000099_1,48,29,38,36,18,32,35,54
MIMAT0000100,0,0,0,0,0,0,0,0
MIMAT0000100_1,0,0,2,0,0,6,3,2
MIMAT0000101,6,4,6,5,0,2,3,1
MIMAT0000101_1,0,0,0,0,0,0,0,11
MIMAT0000102,0,0,0,0,0,0,0,0
MIMAT0000102_1,0,0,0,0,0,0,0,0
MIMAT0000103,0,0,0,0,0,0,0,0
MIMAT0000104,12,12,10,33,17,8,9,26
MIMAT0000222,227,280,177,255,127,209,442,484
MIMAT0000226,6,6,3,12,10,7,11,141
MIMAT0000226_1,0,0,0,0,0,0,3,0
MIMAT0000227,6,24,51,27,24,11,14,71
MIMAT0000228,0,0,0,0,0,0,0,0
MIMAT0000231,4,0,0,0,0,0,0,0
MIMAT0000231_1,0,0,0,0,0,0,0,0
MIMAT0000232,0,0,0,0,4,0,0,5
MIMAT0000232_1,0,0,0,0,0,0,0,0
MIMAT0000241,0,0,0,0,0,0,0,0
MIMAT0000242,0,0,0,0,0,0,0,0
MIMAT0000242_1,0,0,0,0,0,0,0,0
MIMAT0000243,5433,4344,4501,4594,3176,9006,9367,8589
MIMAT0000244,0,0,0,0,0,0,0,0
MIMAT0000244_1,0,5,0,0,1,0,0,2
MIMAT0000245,2650,2556,4208,3107,2184,3945,4232,8485
MIMAT0000250,0,4,23,0,10,1,12,15
MIMAT0000251,0,0,0,0,0,0,0,0
MIMAT0000252,19,3,11,6,2,16,1,14
MIMAT0000252_1,0,0,0,0,0,0,0,0
MIMAT0000252_2,6,12,7,25,5,10,3,14
MIMAT0000253,333,363,374,218,447,474,903,870
MIMAT0000254,4066,683,988,393,1142,4956,1171,2639
MIMAT0000255,398,399,1020,371,274,639,1546,981
MIMAT0000256,0,0,0,0,0,0,0,0
MIMAT0000256_1,0,0,0,0,0,0,0,0
MIMAT0000257,0,0,0,0,0,0,0,0
MIMAT0000257_1,0,4,5,2,0,1,0,12
MIMAT0000258,5,0,0,0,0,0,1,0
MIMAT0000259,115,63,105,49,128,81,448,418
MIMAT0000260,0,0,0,0,0,0,0,0
MIMAT0000261,31,25,48,20,56,14,288,169
MIMAT0000262,46,30,15,15,6,24,30,31
MIMAT0000263,55,77,136,120,70,99,139,167
MIMAT0000264,3365,947,5941,883,579,282,59965,1140
MIMAT0000265,12,27,58,22,42,123,20,128
MIMAT0000266,348,165,1070,134,124,117,8985,920
MIMAT0000267,0,0,0,0,0,0,0,0
MIMAT0000268,0,0,0,0,0,0,0,0
MIMAT0000269,8,13,22,19,25,40,33,98
MIMAT0000270,17,18,6,17,8,29,13,15
MIMAT0000271,55,10,33,12,38,67,21,64
MIMAT0000272,37,20,15,36,17,6,19,1
MIMAT0000273,0,0,4,0,0,0,7,0
MIMAT0000274,0,4,2,0,0,0,2,0
MIMAT0000275,0,0,0,1,0,6,1,4
MIMAT0000275_1,0,0,0,0,0,1,0,0
MIMAT0000276,0,0,0,0,0,0,0,0
MIMAT0000276_1,0,0,0,0,0,0,0,0
MIMAT0000278,1983,953,880,419,451,1986,3065,1354
MIMAT0000279,149,59,109,27,26,303,190,138
MIMAT0000280,147,894,340,61,381,182,3459,2101
MIMAT0000281,84,40,156,56,66,51,1055,137
MIMAT0000318,76,54,148,29,85,132,818,494
MIMAT0000414,2360,1719,1790,1637,1352,2077,1641,4304
MIMAT0000415,19502,13848,13889,18070,11832,16275,15007,40200
MIMAT0000416,0,0,0,0,2,2,0,5
MIMAT0000416_1,0,0,0,0,0,0,0,0
MIMAT0000417,302,222,284,263,290,292,541,547
MIMAT0000418,403,366,705,548,401,845,634,1401
MIMAT0000419,5524,5095,5469,5311,2122,7826,11529,8379
MIMAT0000420,22,32,97,38,38,84,74,116
MIMAT0000421,7215,11047,2831,3752,1326,696,9106,5921
MIMAT0000422,0,0,0,0,0,0,0,0
MIMAT0000422_1,0,0,0,0,0,0,0,0
MIMAT0000422_2,0,0,0,0,0,0,0,0
MIMAT0000423,3,2,26,43,32,37,7,62
MIMAT0000423_1,1,0,4,5,12,15,3,38
MIMAT0000424,79,79,83,81,47,68,64,181
MIMAT0000424_1,0,0,0,0,0,0,0,0
MIMAT0000425,615,360,369,331,205,509,521,522
MIMAT0000426,1146,1109,750,478,1593,2423,937,2986
MIMAT0000427,0,0,0,0,0,0,0,0
MIMAT0000427_1,0,0,0,0,0,0,0,0
MIMAT0000428,0,0,0,0,0,0,0,0
MIMAT0000428_1,0,0,0,0,0,0,0,0
MIMAT0000429,0,0,0,0,3,0,0,5
MIMAT0000430,0,0,0,0,0,0,0,0
MIMAT0000430_1,0,0,0,0,0,0,2,0
MIMAT0000431,37,70,122,79,31,72,85,193
MIMAT0000432,75,81,288,76,114,136,2148,534
MIMAT0000433,280,231,119,61,192,68,754,632
MIMAT0000434,112,79,265,70,606,171,589,1328
MIMAT0000435,6705,5654,8738,4276,5680,8524,13933,15533
MIMAT0000436,11,5,7,4,60,0,158,102
MIMAT0000437,104,93,110,57,77,124,166,324
MIMAT0000438,462,514,398,392,266,651,539,783
MIMAT0000439,0,0,0,0,0,0,0,0
MIMAT0000439_1,0,0,0,0,0,0,0,0
MIMAT0000440,3082,3455,4587,5533,2573,3614,3465,9578
MIMAT0000441,0,0,0,0,0,0,0,0
MIMAT0000441_1,0,0,0,0,0,0,0,0
MIMAT0000441_2,0,0,0,0,0,0,0,0
MIMAT0000442,0,0,0,0,0,0,0,0
MIMAT0000442_1,0,0,0,0,0,0,0,0
MIMAT0000442_2,0,0,0,0,0,0,0,0
MIMAT0000443,2504,4505,9235,6744,4677,7796,3005,17299
MIMAT0000444,1041,681,1748,614,527,639,2382,1292
MIMAT0000445,1464,991,4117,765,1834,1482,4084,4015
MIMAT0000446,978,835,876,469,508,2153,1723,5056
MIMAT0000447,1042,837,519,320,529,3238,1505,3103
MIMAT0000448,47,10,28,3,21,67,46,60
MIMAT0000449,2587,1810,1285,1521,1736,1938,3349,3006
MIMAT0000450,44,38,47,29,10,51,48,27
MIMAT0000451,24,59,82,14,57,38,19,139
MIMAT0000452,21,32,5,12,13,87,40,95
MIMAT0000453,0,6,3,0,0,5,0,16
MIMAT0000454,5,9,0,6,1,4,17,2
MIMAT0000455,492,352,346,289,327,344,1088,1172
MIMAT0000456,129,131,218,250,108,182,296,522
MIMAT0000457,0,0,1,2,0,0,5,0
MIMAT0000458,175,193,224,270,98,180,179,309
MIMAT0000459,0,0,0,0,0,0,0,0
MIMAT0000460,0,0,0,0,0,0,0,0
MIMAT0000460_1,0,0,2,1,2,2,3,6
MIMAT0000461,553,397,710,352,525,2283,644,1543
MIMAT0000462,10,0,0,5,0,2,17,0
MIMAT0000510,3339,2219,1764,733,2011,4025,2915,2751
MIMAT0000617,114,47,171,63,169,190,1610,518
MIMAT0000646,72,82,84,61,124,136,93,264
MIMAT0000680,0,5,22,1,9,4,22,15
MIMAT0000681,963,552,437,402,259,655,1323,1212
MIMAT0000682,129,47,136,95,102,152,1248,598
MIMAT0000683,0,0,0,0,0,0,0,0
MIMAT0000684,0,0,0,0,0,0,0,0
MIMAT0000685,0,0,0,0,0,4,1,0
MIMAT0000686,0,15,20,8,74,57,38,45
MIMAT0000687,5,10,4,23,0,52,27,25
MIMAT0000688,23,10,24,18,8,6,31,24
MIMAT0000689,1010,1177,1516,1599,783,1651,752,2890
MIMAT0000690,3,6,13,0,4,4,0,3
MIMAT0000691,104,134,67,103,77,69,156,151
MIMAT0000692,1290,1948,2404,1996,966,2554,3778,5118
MIMAT0000693,253,250,296,264,173,284,307,673
MIMAT0000703,600,397,560,366,462,1113,765,919
MIMAT0000705,0,2,0,0,3,10,1,7
MIMAT0000707,50,15,3,3,22,6,116,107
MIMAT0000710,0,0,0,0,0,0,0,0
MIMAT0000714,0,0,0,0,0,0,0,0
MIMAT0000715,0,0,0,0,0,0,0,0
MIMAT0000716,0,0,0,0,0,0,0,0
MIMAT0000717,0,0,0,0,0,0,0,0
MIMAT0000718,0,0,0,0,0,0,0,0
MIMAT0000719,0,0,0,0,0,0,0,0
MIMAT0000720,19,13,43,10,36,131,71,143
MIMAT0000721,43,23,25,10,5,111,56,90
MIMAT0000722,75,135,127,91,69,182,185,1117
MIMAT0000723,0,0,0,0,0,0,0,0
MIMAT0000724,0,0,0,0,0,0,0,7
MIMAT0000725,0,0,0,0,0,0,0,0
MIMAT0000726,0,0,0,0,0,0,0,0
MIMAT0000727,20,9,24,28,27,55,26,69
MIMAT0000728,407,648,104,134,126,296,1918,193
MIMAT0000729,0,0,0,0,0,0,0,0
MIMAT0000729_1,0,0,0,0,0,0,0,2
MIMAT0000730,29,37,29,9,6,88,49,94
MIMAT0000731,0,0,0,0,0,3,0,7
MIMAT0000732,0,0,0,0,0,0,2,0
MIMAT0000733,434,262,275,182,330,1242,488,2080
MIMAT0000734,0,3,4,4,0,18,2,11
MIMAT0000735,0,0,0,0,0,0,0,3
MIMAT0000736,108,48,93,43,90,266,251,653
MIMAT0000737,3147,1769,806,831,937,6492,2517,5238
MIMAT0000738,6,0,0,0,2,3,0,11
MIMAT0000750,0,5,3,0,5,0,0,0
MIMAT0000751,0,4,7,2,0,0,0,9
MIMAT0000752,28,77,69,51,57,131,13,104
MIMAT0000753,388,447,544,493,516,688,605,1144
MIMAT0000754,0,2,0,0,7,2,1,3
MIMAT0000755,37,102,72,39,72,324,106,348
MIMAT0000756,0,0,4,5,2,0,5,0
MIMAT0000757,285,273,416,393,164,638,490,903
MIMAT0000758,0,21,5,4,2,14,6,9
MIMAT0000759,868,768,684,725,395,1072,936,1308
MIMAT0000760,0,4,15,7,5,4,3,12
MIMAT0000761,41,23,51,46,13,66,72,82
MIMAT0000762,16,7,16,20,0,29,13,43
MIMAT0000763,0,0,0,6,1,1,4,9
MIMAT0000764,69,92,186,266,92,237,99,460
MIMAT0000765,269,145,160,143,133,418,179,420
MIMAT0000770,0,0,0,0,0,0,0,0
MIMAT0000771,0,0,0,0,0,0,0,0
MIMAT0000772,15,30,26,29,13,35,51,48
MIMAT0000773,0,0,0,0,0,0,0,0
MIMAT0001075,0,0,0,0,0,0,0,0
MIMAT0001080,38,34,81,33,38,73,161,156
MIMAT0001339,0,0,0,0,0,0,0,0
MIMAT0001340,586,372,404,274,406,1050,500,895
MIMAT0001341,1559,1758,1614,1031,599,2118,2154,1808
MIMAT0001343,99,97,51,77,41,72,115,157
MIMAT0001412,0,0,0,0,0,0,0,0
MIMAT0001413,32,12,9,9,18,4,51,58
MIMAT0001532,0,0,0,0,0,0,0,0
MIMAT0001536,13,17,47,13,9,15,430,141
MIMAT0001541,0,3,0,3,33,24,5,5
MIMAT0001545,0,0,2,0,0,0,0,3
MIMAT0001545_1,10,1,0,0,0,0,0,3
MIMAT0001618,29,17,27,25,8,21,14,35
MIMAT0001620,5,0,5,6,0,2,8,7
MIMAT0001621,59,55,55,20,22,118,72,174
MIMAT0001625,55,50,22,28,38,100,68,221
MIMAT0001627,11,3,0,0,1,20,3,19
MIMAT0001629,0,0,0,0,0,0,0,0
MIMAT0001629_1,0,0,0,0,0,0,0,0
MIMAT0001630,0,0,0,0,0,0,0,0
MIMAT0001631,565,130,83,5,783,14,1622,1345
MIMAT0001635,30,10,12,7,2,25,58,19
MIMAT0001636,0,5,5,5,0,0,14,0
MIMAT0001638,24,23,25,7,2,55,18,56
MIMAT0001639,599,593,369,318,391,1385,909,2845
MIMAT0002170,0,0,0,0,0,0,0,0
MIMAT0002171,0,0,1,0,0,0,0,0
MIMAT0002172,0,0,1,0,0,0,14,6
MIMAT0002173,84,498,865,892,614,194,99,2127
MIMAT0002174,0,0,0,0,0,0,0,0
MIMAT0002175,61,62,12,5,25,177,72,155
MIMAT0002176,23,31,34,23,38,48,13,410
MIMAT0002177,1,11,0,0,11,0,3,8
MIMAT0002177_1,0,0,0,0,1,0,1,0
MIMAT0002178,7,0,1,4,0,7,0,3
MIMAT0002804,0,0,0,0,0,0,0,0
MIMAT0002805,0,0,2,0,0,0,0,0
MIMAT0002806,0,0,4,2,0,0,0,0
MIMAT0002807,0,10,9,2,5,1,3,9
MIMAT0002808,0,0,0,0,0,0,0,0
MIMAT0002809,559,400,502,261,437,1432,598,1719
MIMAT0002810,1856,2524,4186,3673,1871,6919,2769,7771
MIMAT0002811,9993,5639,2596,1822,4480,15033,4627,5725
MIMAT0002812,0,0,0,0,0,0,0,0
MIMAT0002813,30,38,24,7,20,71,46,121
MIMAT0002814,982,501,246,232,345,1571,679,2042
MIMAT0002815,0,0,0,0,0,0,0,0
MIMAT0002816,22,27,15,20,5,48,16,159
MIMAT0002817,2,0,2,0,2,3,0,12
MIMAT0002818,0,0,0,3,0,0,2,1
MIMAT0002819,4,2,8,16,3,4,9,26
MIMAT0002820,83,107,149,80,43,160,94,205
MIMAT0002821,7,5,1,0,0,8,0,5
MIMAT0002822,0,0,0,0,0,0,0,0
MIMAT0002822_1,0,0,0,0,0,0,0,0
MIMAT0002823,0,0,0,0,0,0,0,0
MIMAT0002823_1,0,0,0,0,0,0,0,0
MIMAT0002824,0,0,0,0,0,0,0,0
MIMAT0002825,0,0,0,0,0,0,0,0
MIMAT0002826,0,0,0,0,0,0,0,0
MIMAT0002826_1,0,0,0,0,0,0,0,0
MIMAT0002827,0,0,0,0,0,0,0,0
MIMAT0002827_1,0,0,0,0,0,0,0,0
MIMAT0002828,0,0,0,0,0,0,0,0
MIMAT0002829,0,0,0,0,0,0,0,0
MIMAT0002830,0,0,0,0,0,0,0,0
MIMAT0002831,0,0,0,0,0,0,0,0
MIMAT0002832,0,0,0,0,0,0,0,0
MIMAT0002833,0,0,0,0,0,0,0,0
MIMAT0002834,0,0,0,0,0,0,1,0
MIMAT0002835,0,0,0,0,0,0,0,0
MIMAT0002836,0,0,0,0,0,0,0,0
MIMAT0002837,0,0,0,0,0,0,0,0
MIMAT0002838,0,0,0,0,0,0,0,0
MIMAT0002839,0,0,0,0,0,0,0,0
MIMAT0002840,0,0,0,0,0,0,0,0
MIMAT0002841,0,0,0,0,0,0,0,0
MIMAT0002842,0,0,0,0,0,0,0,0
MIMAT0002843,0,0,0,0,0,0,0,0
MIMAT0002844,0,0,0,0,0,0,0,0
MIMAT0002845,0,0,0,0,0,0,0,0
MIMAT0002845_1,0,0,0,0,0,0,0,0
MIMAT0002846,0,0,0,0,0,0,0,0
MIMAT0002847,0,0,0,0,0,0,0,0
MIMAT0002848,0,0,0,0,0,0,0,0
MIMAT0002849,0,0,0,0,0,0,0,0
MIMAT0002850,0,0,0,0,0,0,0,0
MIMAT0002851,0,0,0,0,0,0,0,0
MIMAT0002851_1,0,0,0,0,0,0,0,0
MIMAT0002851_2,0,0,0,0,0,0,0,0
MIMAT0002852,0,0,0,0,0,0,0,0
MIMAT0002853,0,0,0,0,0,0,0,0
MIMAT0002854,0,0,0,0,0,0,0,0
MIMAT0002854_1,0,0,0,0,0,0,0,0
MIMAT0002855,0,0,0,0,0,0,0,0
MIMAT0002856,0,0,0,0,0,0,0,0
MIMAT0002857,0,0,0,0,0,0,0,0
MIMAT0002858,0,0,0,0,0,0,0,0
MIMAT0002859,0,0,0,0,0,0,0,0
MIMAT0002859_1,0,0,0,0,0,0,0,0
MIMAT0002860,0,0,0,0,0,0,0,0
MIMAT0002860_1,0,0,0,0,0,0,0,0
MIMAT0002861,0,0,0,0,0,0,0,0
MIMAT0002862,0,0,0,0,0,0,0,0
MIMAT0002863,0,0,0,0,0,0,0,0
MIMAT0002863_1,0,0,0,0,0,0,0,0
MIMAT0002864,0,0,0,0,0,0,0,0
MIMAT0002866,0,0,0,0,0,0,0,0
MIMAT0002867,0,0,0,0,0,0,0,0
MIMAT0002868,0,0,0,0,0,0,0,0
MIMAT0002869,0,0,0,0,0,0,0,0
MIMAT0002869_1,0,0,0,0,0,0,0,0
MIMAT0002870,23,3,9,4,3,11,10,0
MIMAT0002871,22,8,19,2,7,10,14,50
MIMAT0002872,8,0,0,0,0,0,0,3
MIMAT0002873,0,0,0,0,0,0,1,0
MIMAT0002874,2458,3759,2909,2245,1313,2665,2997,4979
MIMAT0002875,0,4,2,4,5,5,0,13
MIMAT0002876,11,10,19,18,0,17,19,9
MIMAT0002877,0,0,0,0,0,0,0,0
MIMAT0002877_1,0,0,0,0,0,0,0,0
MIMAT0002878,27,6,15,4,11,37,9,48
MIMAT0002879,0,2,3,3,5,2,0,3
MIMAT0002880,906,464,237,281,257,1893,214,1008
MIMAT0002881,0,0,0,0,0,0,0,0
MIMAT0002881_1,0,0,0,0,0,0,0,0
MIMAT0002881_2,0,0,0,0,0,0,0,0
MIMAT0002882,7,4,0,3,0,15,0,0
MIMAT0002883,0,0,0,0,0,0,0,0
MIMAT0002883_1,0,0,0,0,0,0,0,0
MIMAT0002883_2,0,0,0,0,0,0,0,0
MIMAT0002888,145,188,172,189,94,175,405,369
MIMAT0002890,0,4,6,0,0,10,2,37
MIMAT0002891,0,11,2,2,0,2,2,5
MIMAT0003150,21,15,28,17,42,46,27,47
MIMAT0003161,18,12,40,14,7,39,39,94
MIMAT0003163,0,0,0,0,0,0,0,0
MIMAT0003164,0,0,0,0,0,0,0,0
MIMAT0003165,0,0,0,0,0,0,0,0
MIMAT0003180,26,22,43,8,14,40,50,158
MIMAT0003214,4,0,0,0,0,10,0,0
MIMAT0003215,0,0,0,0,0,0,0,0
MIMAT0003216,0,0,0,0,0,0,0,0
MIMAT0003217,0,0,0,0,0,0,0,0
MIMAT0003218,165,268,144,140,290,300,170,339
MIMAT0003219,0,0,0,0,0,0,0,0
MIMAT0003220,0,0,0,0,0,0,0,0
MIMAT0003221,0,0,0,0,0,0,0,0
MIMAT0003222,0,0,0,0,0,0,0,0
MIMAT0003223,0,0,0,0,0,0,0,0
MIMAT0003225,0,0,0,0,2,0,0,0
MIMAT0003226,0,0,0,0,0,0,0,0
MIMAT0003227,0,0,0,0,0,0,0,0
MIMAT0003228,0,0,0,0,0,0,0,0
MIMAT0003230,0,0,0,0,0,0,0,0
MIMAT0003231,0,0,0,0,0,0,0,0
MIMAT0003232,0,0,0,0,0,0,0,0
MIMAT0003233,0,0,0,0,0,0,0,0
MIMAT0003234,0,0,0,0,0,0,0,0
MIMAT0003235,0,0,0,0,0,0,0,0
MIMAT0003236,0,0,0,0,0,0,0,0
MIMAT0003237,0,0,0,0,0,0,0,0
MIMAT0003238,0,0,0,0,0,0,0,0
MIMAT0003239,97,132,262,207,187,315,237,644
MIMAT0003240,0,0,0,0,0,0,0,0
MIMAT0003241,17,13,28,8,5,15,17,42
MIMAT0003242,0,0,0,0,0,1,0,0
MIMAT0003243,0,0,0,0,0,0,0,0
MIMAT0003244,0,0,0,0,0,2,0,2
MIMAT0003245,0,0,0,0,0,0,0,0
MIMAT0003246,0,0,0,0,0,0,0,0
MIMAT0003247,0,0,0,0,0,0,0,0
MIMAT0003248,0,0,0,0,0,0,0,0
MIMAT0003249,31,24,15,9,25,13,53,44
MIMAT0003250,0,0,0,0,10,5,3,5
MIMAT0003251,0,0,0,0,0,0,0,0
MIMAT0003251_1,0,0,0,0,0,0,0,0
MIMAT0003251_2,0,0,0,0,0,0,0,0
MIMAT0003252,0,0,0,0,0,0,0,0
MIMAT0003253,0,0,0,0,0,0,0,0
MIMAT0003254,0,0,0,0,0,0,0,0
MIMAT0003255,0,0,0,0,0,0,0,0
MIMAT0003256,0,0,0,0,1,0,0,9
MIMAT0003257,0,0,0,0,0,0,0,0
MIMAT0003257_1,0,0,0,0,0,0,0,0
MIMAT0003257_2,0,0,0,0,0,0,0,0
MIMAT0003258,0,3,2,1,0,3,10,10
MIMAT0003259,0,0,0,0,0,0,0,0
MIMAT0003260,0,0,0,0,0,0,0,0
MIMAT0003261,0,0,0,0,0,0,0,0
MIMAT0003263,0,0,0,0,0,0,0,0
MIMAT0003264,0,0,0,0,0,0,0,0
MIMAT0003265,0,0,0,0,0,0,0,0
MIMAT0003266,69,62,106,156,67,149,105,204
MIMAT0003267,0,0,0,0,0,0,0,0
MIMAT0003268,0,0,0,0,0,0,0,0
MIMAT0003269,0,0,0,0,0,0,0,0
MIMAT0003270,0,0,0,0,0,0,0,0
MIMAT0003271,0,0,0,0,0,0,0,0
MIMAT0003272,0,0,0,0,0,0,0,0
MIMAT0003273,0,0,0,0,0,0,0,0
MIMAT0003274,0,0,0,0,0,0,0,0
MIMAT0003275,0,0,0,0,0,0,0,0
MIMAT0003276,0,0,0,0,0,0,0,0
MIMAT0003277,0,0,0,0,0,0,0,0
MIMAT0003278,0,0,0,0,0,0,0,0
MIMAT0003279,0,0,0,0,0,0,0,0
MIMAT0003280,7,0,0,0,0,0,0,0
MIMAT0003281,0,0,0,0,0,0,0,0
MIMAT0003282,0,0,0,0,0,0,0,0
MIMAT0003283,20,12,35,20,10,33,10,124
MIMAT0003284,0,0,0,0,0,0,0,0
MIMAT0003285,0,0,0,0,0,0,0,0
MIMAT0003286,0,0,0,0,0,0,0,0
MIMAT0003287,0,0,0,0,0,0,0,0
MIMAT0003288,0,0,0,0,0,0,0,0
MIMAT0003289,0,0,0,0,0,0,0,0
MIMAT0003290,0,0,0,0,0,0,0,0
MIMAT0003291,0,0,0,0,0,0,0,0
MIMAT0003292,0,0,0,0,0,0,0,0
MIMAT0003293,0,0,0,3,0,0,0,5
MIMAT0003294,0,0,0,0,0,0,0,0
MIMAT0003295,0,0,0,0,0,0,0,0
MIMAT0003296,0,0,1,1,0,3,2,11
MIMAT0003297,44,58,30,8,6,42,30,49
MIMAT0003298,0,0,2,6,2,8,0,9
MIMAT0003299,0,0,0,0,0,0,0,0
MIMAT0003300,0,0,0,0,0,0,0,0
MIMAT0003301,0,11,3,0,0,0,0,2
MIMAT0003302,0,0,0,0,0,0,0,6
MIMAT0003303,0,0,0,0,0,0,0,0
MIMAT0003304,0,0,0,0,0,0,0,0
MIMAT0003305,0,0,0,0,0,0,0,0
MIMAT0003306,0,0,0,0,0,0,0,4
MIMAT0003307,0,0,0,0,0,0,0,0
MIMAT0003308,0,0,0,0,0,0,0,0
MIMAT0003309,0,0,0,0,0,0,0,0
MIMAT0003310,0,0,0,0,0,0,0,0
MIMAT0003311,0,2,1,3,0,2,0,0
MIMAT0003312,0,0,0,0,4,0,0,0
MIMAT0003313,0,0,0,0,0,0,0,7
MIMAT0003314,0,0,0,0,0,0,0,0
MIMAT0003315,0,0,0,0,0,0,0,0
MIMAT0003316,0,0,0,0,0,0,0,0
MIMAT0003317,0,0,0,0,0,0,0,0
MIMAT0003318,0,0,0,0,0,0,0,0
MIMAT0003319,0,0,0,0,0,0,0,0
MIMAT0003320,0,0,0,0,0,0,0,0
MIMAT0003321,60,29,35,23,10,40,35,31
MIMAT0003322,0,3,5,14,13,42,12,42
MIMAT0003323,0,0,0,0,0,0,0,0
MIMAT0003323_1,0,0,0,0,0,0,0,0
MIMAT0003324,0,0,0,0,0,0,0,0
MIMAT0003325,0,0,0,0,0,0,0,0
MIMAT0003326,0,0,0,0,0,0,0,0
MIMAT0003327,0,0,0,0,0,3,0,0
MIMAT0003328,0,0,0,0,0,0,1,0
MIMAT0003329,199,118,170,84,99,318,201,896
MIMAT0003330,0,3,0,0,0,0,0,0
MIMAT0003331,0,0,0,0,0,0,0,0
MIMAT0003332,0,0,0,0,0,9,0,13
MIMAT0003333,0,0,0,0,0,0,0,0
MIMAT0003335,0,0,0,0,0,0,0,0
MIMAT0003336,0,0,0,0,0,0,0,0
MIMAT0003337,0,6,0,0,0,0,0,0
MIMAT0003338,255,193,149,138,81,236,378,244
MIMAT0003339,30,23,41,35,6,31,65,52
MIMAT0003340,88,71,100,57,43,113,131,196
MIMAT0003385,0,0,0,0,0,0,0,0
MIMAT0003386,0,0,0,0,0,0,1,0
MIMAT0003389,484,461,590,616,367,947,541,1588
MIMAT0003393,740,844,771,675,583,598,819,1615
MIMAT0003879,0,0,0,3,0,1,0,4
MIMAT0003880,30,52,37,42,18,103,32,136
MIMAT0003881,0,0,0,0,2,4,2,12
MIMAT0003882,0,0,0,0,0,0,0,0
MIMAT0003883,0,0,0,0,0,0,0,0
MIMAT0003884,0,2,2,0,15,1,17,16
MIMAT0003885,254,363,363,507,194,202,194,880
MIMAT0003886,65,74,68,49,20,36,49,96
MIMAT0003887,0,1,0,4,5,1,5,8
MIMAT0003888,0,0,0,0,5,0,0,0
MIMAT0003945,0,1,0,0,0,0,0,0
MIMAT0003948,0,0,0,0,0,0,0,5
MIMAT0004185,0,9,0,1,3,6,1,6
MIMAT0004284,0,0,0,0,0,0,0,0
MIMAT0004450,0,0,0,0,0,0,0,0
MIMAT0004481,0,0,0,0,0,2,0,6
MIMAT0004481_1,0,0,0,0,0,0,0,0
MIMAT0004482,23,8,15,7,25,52,6,41
MIMAT0004484,132,131,155,189,90,193,163,398
MIMAT0004485,0,5,11,0,0,4,7,5
MIMAT0004486,9,0,0,6,0,2,7,4
MIMAT0004487,0,3,0,8,4,12,5,9
MIMAT0004488,0,0,0,0,0,0,0,0
MIMAT0004489,0,0,0,0,0,0,0,0
MIMAT0004490,0,0,0,0,0,0,0,0
MIMAT0004491,0,0,4,2,0,0,0,5
MIMAT0004492,0,0,0,0,0,0,0,0
MIMAT0004493,0,2,0,0,0,0,4,6
MIMAT0004494,12,51,75,51,40,141,71,142
MIMAT0004495,0,0,0,0,0,0,0,0
MIMAT0004496,7,4,6,5,1,0,7,0
MIMAT0004497,0,0,0,0,0,0,0,0
MIMAT0004498,40,36,28,41,36,61,28,116
MIMAT0004499,0,0,0,0,0,4,0,7
MIMAT0004500,0,4,5,5,1,3,4,7
MIMAT0004501,0,0,0,5,0,4,5,5
MIMAT0004502,1245,746,1048,995,703,2258,1088,2758
MIMAT0004503,8,7,8,0,8,4,3,0
MIMAT0004504,8,0,3,0,0,0,0,12
MIMAT0004505,0,2,3,5,0,0,1,10
MIMAT0004506,0,0,0,0,0,0,0,0
MIMAT0004507,0,0,0,0,0,3,2,9
MIMAT0004508,0,0,0,0,0,0,0,0
MIMAT0004509,7,4,29,26,8,22,19,29
MIMAT0004510,0,0,0,0,0,0,0,0
MIMAT0004511,5,26,20,9,2,18,34,29
MIMAT0004512,0,0,0,0,0,0,4,0
MIMAT0004513,4,0,7,0,0,7,5,10
MIMAT0004514,1,0,13,8,5,14,1,18
MIMAT0004515,7,0,0,6,0,3,0,22
MIMAT0004516,0,0,0,0,0,0,0,0
MIMAT0004516_1,0,0,0,0,0,0,0,0
MIMAT0004517,0,8,0,0,0,0,0,0
MIMAT0004518,19,3,8,3,0,9,19,23
MIMAT0004543,0,0,3,0,0,0,0,0
MIMAT0004548,0,0,0,0,0,0,0,0
MIMAT0004549,0,4,0,0,1,2,2,4
MIMAT0004550,68,105,79,100,34,73,40,143
MIMAT0004551,0,21,20,15,3,18,16,11
MIMAT0004552,15,8,12,10,4,4,39,16
MIMAT0004553,0,4,3,9,6,1,7,0
MIMAT0004554,0,0,0,0,0,0,0,0
MIMAT0004555,0,7,2,2,3,24,43,17
MIMAT0004556,117,37,26,3,13,128,50,62
MIMAT0004557,0,0,0,5,0,0,2,0
MIMAT0004558,31,5,15,15,17,26,21,25
MIMAT0004559,0,0,1,0,2,6,3,2
MIMAT0004560,0,0,0,0,0,0,2,0
MIMAT0004561,0,0,0,0,0,0,0,6
MIMAT0004562,0,0,0,0,0,0,0,0
MIMAT0004563,0,0,0,0,0,0,0,0
MIMAT0004564,0,13,3,0,5,3,7,18
MIMAT0004565,0,2,4,0,0,0,0,3
MIMAT0004566,0,0,0,0,0,0,0,0
MIMAT0004567,0,0,0,0,0,0,0,0
MIMAT0004568,0,0,8,5,0,19,6,3
MIMAT0004569,0,0,0,0,7,0,2,0
MIMAT0004570,52,62,23,26,9,8,127,57
MIMAT0004571,20,3,12,2,2,6,80,27
MIMAT0004584,0,0,1,0,3,0,3,0
MIMAT0004585,0,3,7,0,0,1,10,0
MIMAT0004586,48,51,36,37,16,51,42,49
MIMAT0004587,14,20,15,12,17,80,16,25
MIMAT0004588,0,2,8,0,8,12,2,3
MIMAT0004589,6,0,1,0,0,0,0,7
MIMAT0004590,0,0,0,0,0,0,0,2
MIMAT0004591,0,0,0,0,0,0,0,0
MIMAT0004591_1,0,0,0,0,0,0,0,0
MIMAT0004591_2,0,0,0,0,0,0,0,0
MIMAT0004592,30,13,19,9,24,62,23,28
MIMAT0004593,0,0,0,0,0,0,0,6
MIMAT0004594,88,88,139,82,150,281,105,452
MIMAT0004595,21,3,0,4,0,5,0,1
MIMAT0004596,0,0,0,0,0,0,0,0
MIMAT0004597,459,539,653,466,256,728,667,982
MIMAT0004598,0,4,0,0,3,2,33,3
MIMAT0004599,0,15,24,15,20,24,38,42
MIMAT0004600,10,0,6,0,87,5,75,109
MIMAT0004601,43,21,24,3,17,21,27,23
MIMAT0004602,34,51,32,25,36,122,45,67
MIMAT0004603,207,163,251,90,107,367,155,284
MIMAT0004604,11,9,2,14,8,33,28,67
MIMAT0004605,0,0,0,0,0,0,0,6
MIMAT0004606,15,29,26,36,8,89,46,153
MIMAT0004607,0,0,0,0,0,0,0,0
MIMAT0004608,0,0,1,0,2,0,0,2
MIMAT0004609,0,0,0,0,1,0,0,0
MIMAT0004610,14,0,0,0,0,0,6,0
MIMAT0004611,0,10,0,2,0,7,5,8
MIMAT0004612,0,0,0,0,0,5,0,0
MIMAT0004613,0,0,0,0,0,0,0,0
MIMAT0004614,169,149,36,28,48,82,291,81
MIMAT0004615,0,25,26,41,4,100,27,66
MIMAT0004657,0,0,2,0,0,0,1,0
MIMAT0004658,0,0,0,0,0,0,0,0
MIMAT0004671,0,0,0,0,0,0,3,0
MIMAT0004672,221,298,318,261,163,414,386,576
MIMAT0004673,8,4,5,4,19,13,6,17
MIMAT0004674,0,0,1,6,2,13,5,2
MIMAT0004675,0,0,0,0,0,0,2,0
MIMAT0004676,0,0,0,0,4,15,0,4
MIMAT0004677,0,4,2,0,36,17,4,8
MIMAT0004678,95,108,96,122,49,127,98,209
MIMAT0004679,72,75,78,40,21,122,21,22
MIMAT0004680,0,0,0,2,5,0,2,7
MIMAT0004681,0,3,1,5,6,3,1,13
MIMAT0004682,301,183,263,323,148,396,222,769
MIMAT0004683,0,0,0,0,5,0,0,0
MIMAT0004685,0,0,0,0,0,0,0,0
MIMAT0004686,0,0,0,0,0,0,0,0
MIMAT0004687,0,0,0,0,0,0,0,0
MIMAT0004688,15,4,15,19,10,16,9,20
MIMAT0004689,0,1,0,0,2,0,0,3
MIMAT0004690,0,0,0,4,0,0,0,2
MIMAT0004692,18,17,39,23,30,44,41,90
MIMAT0004693,0,0,2,3,0,0,1,0
MIMAT0004694,5,7,1,9,0,5,0,6
MIMAT0004695,18,40,34,8,14,90,111,84
MIMAT0004696,0,0,0,0,0,3,0,1
MIMAT0004697,0,0,0,9,2,1,6,15
MIMAT0004698,0,0,0,0,0,0,0,0
MIMAT0004699,0,0,11,8,4,1,2,25
MIMAT0004700,0,0,2,11,3,5,7,0
MIMAT0004701,0,0,0,0,0,0,0,0
MIMAT0004702,29,14,27,36,13,36,29,41
MIMAT0004703,0,0,7,0,5,0,1,4
MIMAT0004748,6041,3620,1429,1339,2557,7194,4136,3664
MIMAT0004749,192,219,237,206,83,354,205,650
MIMAT0004751,0,0,0,0,0,0,0,0
MIMAT0004752,0,0,0,0,0,0,0,0
MIMAT0004757,9,7,6,2,5,9,17,31
MIMAT0004761,15822,10790,3343,3166,5980,14937,4987,10836
MIMAT0004762,0,0,0,0,0,0,3,0
MIMAT0004762_1,0,0,0,0,0,0,0,0
MIMAT0004763,0,13,10,16,2,34,0,10
MIMAT0004764,0,0,0,0,0,0,0,0
MIMAT0004765,0,5,0,0,0,0,0,0
MIMAT0004766,1,0,0,4,1,3,2,2
MIMAT0004767,493,327,119,90,174,1404,334,363
MIMAT0004768,0,4,2,0,0,6,0,4
MIMAT0004770,0,0,0,0,0,0,0,0
MIMAT0004770_1,0,0,0,0,0,0,0,0
MIMAT0004772,0,0,0,0,0,0,0,1
MIMAT0004773,4,0,0,0,0,0,0,0
MIMAT0004774,40,12,28,8,34,77,35,33
MIMAT0004775,0,0,0,0,0,0,2,2
MIMAT0004776,6,0,4,7,0,1,5,6
MIMAT0004777,0,0,0,0,0,0,0,0
MIMAT0004777_1,0,0,0,0,0,0,0,0
MIMAT0004778,42,31,13,24,13,150,13,173
MIMAT0004779,0,0,0,0,0,0,0,0
MIMAT0004779_1,0,0,0,0,0,0,0,0
MIMAT0004780,33,13,12,2,7,42,19,25
MIMAT0004784,9,3,5,10,1,12,7,4
MIMAT0004785,0,0,0,0,0,0,0,0
MIMAT0004792,50,47,36,8,76,59,30,113
MIMAT0004793,0,0,4,0,0,0,0,0
MIMAT0004794,0,0,0,0,0,0,0,0
MIMAT0004795,0,0,0,0,0,0,0,0
MIMAT0004796,0,0,0,0,0,0,0,0
MIMAT0004797,0,5,0,0,0,5,0,0
MIMAT0004798,0,0,0,0,0,0,0,0
MIMAT0004799,39,20,11,17,4,27,15,20
MIMAT0004800,0,0,0,0,0,0,0,0
MIMAT0004800_1,0,0,0,0,0,0,0,0
MIMAT0004801,65,13,63,30,57,38,28,82
MIMAT0004802,0,0,0,0,0,0,0,0
MIMAT0004803,0,0,0,0,0,0,0,0
MIMAT0004804,11,0,3,0,0,0,5,3
MIMAT0004805,8,5,0,0,0,0,0,0
MIMAT0004806,0,0,0,0,0,0,0,0
MIMAT0004807,0,0,2,0,0,0,0,0
MIMAT0004808,0,0,0,0,0,0,0,0
MIMAT0004809,18,19,19,10,11,10,10,37
MIMAT0004810,252,433,337,269,322,855,681,586
MIMAT0004811,0,0,0,0,0,0,0,0
MIMAT0004812,0,0,0,0,0,0,0,0
MIMAT0004812_1,0,0,0,0,0,0,0,0
MIMAT0004813,0,0,0,0,0,0,0,0
MIMAT0004814,26,46,93,70,72,277,134,409
MIMAT0004819,17,19,23,44,11,29,15,36
MIMAT0004901,0,0,0,0,0,0,0,0
MIMAT0004902,0,0,0,0,0,0,0,0
MIMAT0004903,0,0,0,0,0,0,0,0
MIMAT0004907,0,0,0,0,0,3,0,0
MIMAT0004909,487,435,558,428,361,780,465,1209
MIMAT0004910,0,0,0,0,0,0,0,4
MIMAT0004911,0,11,20,17,5,44,7,14
MIMAT0004912,0,0,0,0,0,0,0,0
MIMAT0004913,0,0,0,0,0,0,0,0
MIMAT0004916,0,0,0,0,0,0,0,0
MIMAT0004917,0,0,0,0,0,0,0,0
MIMAT0004918,0,0,0,0,0,0,0,0
MIMAT0004919,0,0,0,1,0,1,0,0
MIMAT0004920,0,0,0,0,0,0,0,0
MIMAT0004921,6,28,12,9,6,40,8,81
MIMAT0004922,0,0,0,0,0,0,0,0
MIMAT0004923,0,0,0,0,0,0,0,0
MIMAT0004924,0,0,5,3,0,3,0,0
MIMAT0004925,0,0,0,0,0,0,0,0
MIMAT0004926,45,3,24,7,15,67,21,62
MIMAT0004927,0,0,1,0,0,0,0,1
MIMAT0004928,0,0,0,0,0,0,6,0
MIMAT0004929,22,48,22,17,24,58,31,54
MIMAT0004945,264,256,277,257,203,265,295,449
MIMAT0004946,0,0,3,0,0,6,0,0
MIMAT0004947,0,0,0,0,0,0,0,0
MIMAT0004948,0,0,0,0,0,2,3,0
MIMAT0004949,0,0,0,0,0,0,0,0
MIMAT0004950,0,0,0,0,0,0,0,0
MIMAT0004951,10,8,11,16,10,10,8,37
MIMAT0004952,0,0,4,0,1,0,2,4
MIMAT0004953,18,48,41,27,13,140,28,90
MIMAT0004954,8,14,6,0,4,34,15,40
MIMAT0004955,0,4,13,14,0,23,11,29
MIMAT0004956,0,1,3,0,0,3,0,7
MIMAT0004957,56,46,9,32,31,54,44,32
MIMAT0004958,0,0,0,0,0,2,4,0
MIMAT0004959,0,0,0,0,0,0,0,0
MIMAT0004960,0,0,0,0,0,0,0,0
MIMAT0004970,0,0,0,0,0,0,0,0
MIMAT0004971,0,0,0,0,0,0,0,0
MIMAT0004972,0,0,0,0,0,0,0,0
MIMAT0004974,0,0,0,0,0,0,0,0
MIMAT0004975,0,11,18,6,0,27,9,19
MIMAT0004976,0,0,1,2,0,0,0,0
MIMAT0004977,0,0,0,0,0,0,0,9
MIMAT0004978,0,0,0,0,8,0,3,0
MIMAT0004979,0,0,0,0,0,0,0,0
MIMAT0004980,0,0,0,0,0,0,0,0
MIMAT0004981,0,0,0,0,0,0,0,0
MIMAT0004982,0,0,0,0,0,0,0,0
MIMAT0004983,0,0,0,0,0,0,0,8
MIMAT0004984,0,0,0,0,0,0,0,0
MIMAT0004984_1,0,0,0,0,0,0,0,0
MIMAT0004984_2,0,0,0,0,0,0,0,0
MIMAT0004984_3,0,0,0,0,0,0,0,0
MIMAT0004984_4,0,0,0,0,0,0,0,0
MIMAT0004985,38,33,35,24,20,30,31,105
MIMAT0004986,0,0,2,0,0,0,0,2
MIMAT0004987,0,1,9,0,0,1,16,0
MIMAT0005449,0,0,0,0,0,0,0,0
MIMAT0005450,0,0,0,0,0,0,0,0
MIMAT0005451,0,0,0,0,0,0,0,0
MIMAT0005452,0,0,0,0,0,0,0,0
MIMAT0005454,0,0,0,0,0,0,0,0
MIMAT0005455,0,0,0,0,0,0,0,0
MIMAT0005456,0,0,0,0,0,0,0,0
MIMAT0005457,0,0,0,0,0,0,0,0
MIMAT0005457_1,0,0,0,0,0,0,0,0
MIMAT0005458,74,87,12,24,32,32,24,10
MIMAT0005459,0,0,4,0,0,0,0,0
MIMAT0005572,0,0,0,0,0,0,0,0
MIMAT0005573,0,0,0,0,0,0,0,0
MIMAT0005576,0,0,0,3,0,0,0,0
MIMAT0005577,0,0,2,6,2,0,1,18
MIMAT0005580,0,0,0,0,0,0,0,4
MIMAT0005582,0,0,0,0,0,0,0,0
MIMAT0005583,0,0,0,0,0,0,0,0
MIMAT0005584,0,0,0,0,0,0,0,0
MIMAT0005586,0,0,0,0,0,0,0,3
MIMAT0005588,0,0,0,0,0,0,0,0
MIMAT0005588_1,0,0,0,0,0,0,0,0
MIMAT0005589,0,1,0,0,0,0,0,2
MIMAT0005591,0,0,0,0,0,0,0,0
MIMAT0005592,0,1,2,0,0,0,0,2
MIMAT0005593,0,0,0,0,0,0,0,0
MIMAT0005788,12,11,6,13,1,10,4,17
MIMAT0005789,215,82,58,42,35,344,100,180
MIMAT0005791,0,0,0,0,0,0,0,0
MIMAT0005792,0,0,0,0,0,0,0,0
MIMAT0005792_1,0,0,0,0,0,0,0,0
MIMAT0005793,1,0,0,0,0,2,1,0
MIMAT0005793_1,0,0,0,0,0,6,0,0
MIMAT0005794,4,1,4,9,5,0,1,18
MIMAT0005795,0,0,0,0,0,0,0,0
MIMAT0005796,7,7,40,17,4,68,20,71
MIMAT0005797,24,25,4,31,20,29,19,49
MIMAT0005798,0,0,0,0,0,0,0,0
MIMAT0005798_1,0,0,0,0,0,0,0,0
MIMAT0005799,0,0,0,0,0,0,0,0
MIMAT0005799_1,0,0,0,0,0,0,0,0
MIMAT0005800,0,0,0,0,2,0,0,0
MIMAT0005823,0,0,0,0,0,0,0,0
MIMAT0005824,15,5,2,0,5,3,1,14
MIMAT0005825,186,151,113,41,117,159,108,231
MIMAT0005826,0,3,0,0,0,0,0,0
MIMAT0005827,0,0,0,0,0,0,0,0
MIMAT0005828,0,0,0,0,0,0,0,0
MIMAT0005829,0,0,0,0,0,0,0,0
MIMAT0005829_1,0,0,0,0,0,0,0,0
MIMAT0005829_2,0,0,0,0,0,0,0,0
MIMAT0005863,0,0,0,0,0,0,0,0
MIMAT0005865,0,0,0,0,0,0,0,0
MIMAT0005866,0,0,0,0,0,0,0,0
MIMAT0005867,0,0,0,0,0,0,0,0
MIMAT0005868,0,0,0,0,0,0,0,0
MIMAT0005869,0,0,0,0,0,0,0,0
MIMAT0005870,0,0,0,0,0,0,0,0
MIMAT0005871,0,0,0,0,0,0,0,0
MIMAT0005872,0,0,0,0,0,0,0,0
MIMAT0005873,0,0,0,0,0,0,0,0
MIMAT0005874,0,0,0,0,3,0,0,0
MIMAT0005875,7,7,10,2,0,0,3,16
MIMAT0005876,0,0,0,0,0,0,0,0
MIMAT0005876_1,0,0,0,0,0,0,0,0
MIMAT0005877,0,0,0,0,0,0,0,0
MIMAT0005878,53,54,30,32,12,81,33,48
MIMAT0005879,0,0,0,0,0,0,0,0
MIMAT0005879_1,0,0,0,0,0,0,0,0
MIMAT0005880,0,0,0,0,0,0,0,0
MIMAT0005881,0,0,2,0,0,0,0,0
MIMAT0005882,0,0,3,0,0,3,3,0
MIMAT0005883,0,0,0,6,0,0,6,0
MIMAT0005884,23,9,0,4,0,13,14,29
MIMAT0005885,0,5,0,0,0,0,1,4
MIMAT0005886,0,0,0,0,0,0,0,0
MIMAT0005887,0,0,0,0,0,0,0,0
MIMAT0005889,0,0,1,0,0,4,0,0
MIMAT0005890,0,0,0,0,0,0,0,0
MIMAT0005890_1,0,0,0,0,0,0,0,0
MIMAT0005890_10,0,0,0,0,0,0,0,0
MIMAT0005890_2,0,0,0,0,0,0,0,0
MIMAT0005890_3,0,0,0,0,0,0,0,0
MIMAT0005890_4,0,0,0,0,0,0,0,0
MIMAT0005890_5,0,0,0,0,0,0,0,0
MIMAT0005890_6,0,0,0,0,0,0,0,0
MIMAT0005890_7,0,0,0,0,0,0,0,0
MIMAT0005890_8,0,0,0,0,0,0,0,0
MIMAT0005890_9,0,0,0,0,0,0,0,0
MIMAT0005891,0,0,0,0,0,0,0,0
MIMAT0005892,5,0,0,0,0,0,0,0
MIMAT0005893,0,0,0,0,0,0,0,0
MIMAT0005894,9,2,0,0,0,0,0,0
MIMAT0005895,0,0,0,0,0,0,0,0
MIMAT0005895_1,0,0,0,0,0,0,0,0
MIMAT0005895_2,0,0,0,0,0,0,0,0
MIMAT0005895_3,0,0,0,0,0,0,0,0
MIMAT0005895_4,0,0,0,0,0,0,0,0
MIMAT0005896,0,0,0,0,0,0,0,0
MIMAT0005896_1,0,0,0,0,0,0,0,0
MIMAT0005896_2,0,0,0,0,0,0,0,0
MIMAT0005896_3,0,0,0,0,0,0,0,0
MIMAT0005897,0,0,0,0,0,0,0,0
MIMAT0005898,3,1,3,0,0,0,5,0
MIMAT0005899,19,46,157,27,156,84,44,109
MIMAT0005900,0,0,0,0,2,0,0,0
MIMAT0005901,0,0,0,0,2,0,0,0
MIMAT0005902,0,0,0,0,0,0,1,0
MIMAT0005903,0,0,0,0,0,0,0,0
MIMAT0005904,0,0,0,0,0,0,0,0
MIMAT0005905,0,0,0,0,0,0,0,0
MIMAT0005905_1,0,0,0,0,0,0,0,0
MIMAT0005906,0,0,0,0,1,0,0,0
MIMAT0005907,0,0,0,0,0,0,0,0
MIMAT0005908,0,0,0,0,0,0,0,0
MIMAT0005909,0,0,0,0,0,0,0,0
MIMAT0005911,0,0,0,0,0,0,0,0
MIMAT0005912,0,0,0,0,0,0,0,0
MIMAT0005913,0,0,0,0,0,0,0,0
MIMAT0005914,0,0,0,0,6,1,6,9
MIMAT0005915,0,0,0,0,0,0,0,0
MIMAT0005916,0,0,3,0,0,4,0,0
MIMAT0005917,0,0,0,0,0,0,0,0
MIMAT0005918,0,0,0,0,0,0,0,0
MIMAT0005919,0,0,0,0,0,0,0,0
MIMAT0005919_1,0,0,0,0,0,0,0,0
MIMAT0005920,7,0,1,0,0,0,2,0
MIMAT0005921,0,0,0,0,0,0,0,0
MIMAT0005922,0,0,0,0,0,0,0,0
MIMAT0005923,0,0,0,0,0,2,0,0
MIMAT0005924,35,27,17,35,13,80,22,67
MIMAT0005925,0,0,0,0,0,0,0,0
MIMAT0005926,0,0,0,0,0,0,0,0
MIMAT0005928,0,0,0,0,0,0,0,0
MIMAT0005928_1,0,0,0,0,0,0,0,0
MIMAT0005928_2,0,0,0,0,0,0,0,0
MIMAT0005928_3,0,0,0,0,0,0,0,0
MIMAT0005928_4,0,0,0,0,0,0,0,0
MIMAT0005929,0,0,0,0,0,0,0,0
MIMAT0005930,0,4,1,0,0,0,0,8
MIMAT0005931,0,0,0,0,0,0,0,0
MIMAT0005932,0,0,0,0,0,0,0,0
MIMAT0005933,0,0,2,0,0,0,0,0
MIMAT0005934,0,0,0,0,0,0,0,0
MIMAT0005935,0,0,0,0,0,0,0,0
MIMAT0005935_1,0,0,0,0,0,0,0,0
MIMAT0005935_2,0,0,0,0,0,0,0,0
MIMAT0005935_3,0,0,0,0,0,0,0,0
MIMAT0005936,0,0,2,0,0,0,0,0
MIMAT0005937,0,0,0,0,0,0,0,0
MIMAT0005939,0,0,0,0,0,0,0,0
MIMAT0005940,0,0,0,0,0,0,0,0
MIMAT0005941,0,0,0,0,0,0,6,0
MIMAT0005942,0,0,0,0,1,0,5,0
MIMAT0005943,0,4,1,0,3,0,4,0
MIMAT0005944,0,0,0,0,0,0,0,0
MIMAT0005945,0,0,0,0,0,0,0,0
MIMAT0005945_1,0,0,0,0,0,0,0,0
MIMAT0005948,108,85,13,32,37,161,67,105
MIMAT0005949,0,0,2,2,3,1,0,5
MIMAT0005950,0,0,0,0,0,16,1,0
MIMAT0005951,192,396,398,342,301,633,391,860
MIMAT0005952,0,0,0,0,0,0,0,0
MIMAT0005953,0,0,0,0,0,0,0,0
MIMAT0005955,0,0,0,0,4,3,6,3
MIMAT0005956,0,0,0,0,0,0,0,0
MIMAT0006764,0,0,0,0,0,0,0,0
MIMAT0006764_1,5,0,0,0,0,0,3,0
MIMAT0006765,0,0,0,0,0,0,0,0
MIMAT0006767,0,0,0,0,0,0,0,0
MIMAT0006778,0,0,0,0,0,0,0,0
MIMAT0006778_1,0,0,0,0,0,0,0,0
MIMAT0006789,54,34,45,24,17,84,40,101
MIMAT0006790,0,0,0,0,0,0,0,0
MIMAT0007347,0,0,0,0,0,0,0,0
MIMAT0007348,0,0,0,0,0,0,0,0
MIMAT0007349,0,0,0,0,0,0,0,0
MIMAT0007399,0,0,0,0,0,0,0,0
MIMAT0007400,0,0,0,6,0,2,0,0
MIMAT0007401,0,0,0,0,0,0,0,0
MIMAT0007402,0,0,0,0,0,0,0,0
MIMAT0007402_1,0,0,0,0,0,0,0,0
MIMAT0007881,15,26,10,4,10,3,7,9
MIMAT0007882,0,2,0,0,0,1,0,2
MIMAT0007883,0,5,2,0,0,0,1,2
MIMAT0007884,0,0,0,0,0,0,4,0
MIMAT0007885,0,0,0,0,0,0,0,0
MIMAT0007886,0,0,0,0,0,0,0,0
MIMAT0007887,0,0,0,0,0,0,0,0
MIMAT0007888,0,0,0,0,4,0,0,0
MIMAT0007889,0,0,0,0,0,0,0,0
MIMAT0007890,0,0,0,0,0,0,0,0
MIMAT0007891,0,0,0,0,0,0,0,0
MIMAT0007892,0,0,0,0,0,0,0,0
MIMAT0009196,0,0,0,0,0,0,3,0
MIMAT0009197,0,0,0,0,0,0,9,0
MIMAT0009198,0,0,0,0,0,0,0,0
MIMAT0009199,16,7,7,9,11,33,11,30
MIMAT0009201,0,0,0,0,0,0,0,0
MIMAT0009203,0,0,0,0,2,0,0,0
MIMAT0009206,0,0,0,0,0,0,0,0
MIMAT0009447,0,0,0,0,0,0,0,0
MIMAT0009447_1,0,0,0,0,0,0,0,0
MIMAT0009448,0,0,0,0,0,0,0,0
MIMAT0009451,0,0,0,0,0,0,4,0
MIMAT0009977,0,0,0,0,0,0,0,0
MIMAT0009978,0,0,0,0,0,0,0,0
MIMAT0009979,0,0,0,0,0,0,0,0
MIMAT0010133,25,7,18,13,13,49,42,19
MIMAT0010195,0,0,0,0,0,0,0,0
MIMAT0010214,0,0,0,0,0,0,0,0
MIMAT0010251,0,0,0,0,23,24,5,14
MIMAT0010313,0,0,0,0,0,0,0,0
MIMAT0010357,0,0,0,0,0,0,0,0
MIMAT0010364,0,0,0,0,0,0,0,0
MIMAT0010367,0,0,0,0,0,0,0,0
MIMAT0010497,0,0,0,0,0,0,0,0
MIMAT0011156,0,0,0,0,0,0,0,0
MIMAT0011157,0,0,0,0,0,0,0,0
MIMAT0011158,0,0,0,0,0,0,0,0
MIMAT0011159,0,0,0,0,0,0,6,0
MIMAT0011160,0,0,0,0,0,0,3,0
MIMAT0011161,0,0,0,0,0,1,0,0
MIMAT0011162,0,0,0,0,0,0,0,0
MIMAT0011163,0,0,0,0,0,0,0,0
MIMAT0011775,0,0,0,0,0,0,0,0
MIMAT0011777,0,1,4,1,0,10,5,0
MIMAT0011778,0,0,0,0,1,0,0,1
MIMAT0012734,0,0,0,0,0,0,0,0
MIMAT0012735,0,0,0,0,0,0,0,0
MIMAT0013515,0,0,0,0,0,0,0,0
MIMAT0013516,0,0,0,0,0,0,0,0
MIMAT0013517,0,0,0,0,0,0,0,0
MIMAT0013518,0,0,0,0,0,0,0,0
MIMAT0013771,0,0,0,0,0,0,2,0
MIMAT0013802,0,0,0,0,0,0,0,0
MIMAT0013863,0,0,0,0,0,0,0,0
MIMAT0014977,0,0,0,0,0,0,0,0
MIMAT0014978,0,0,0,0,0,0,0,0
MIMAT0014978_1,0,0,0,0,0,0,0,0
MIMAT0014979,0,0,0,0,0,0,2,0
MIMAT0014980,0,0,0,0,0,0,0,0
MIMAT0014980_1,0,0,0,0,0,0,0,0
MIMAT0014980_2,0,0,0,0,0,0,0,0
MIMAT0014980_3,0,0,0,0,0,0,0,0
MIMAT0014981,0,0,0,0,0,0,0,0
MIMAT0014981_1,0,0,0,0,0,0,0,0
MIMAT0014982,0,0,0,0,0,0,0,0
MIMAT0014983,0,1,0,0,0,0,0,0
MIMAT0014984,0,0,0,0,0,0,0,0
MIMAT0014985,0,0,0,0,0,0,0,0
MIMAT0014986,0,0,0,5,0,4,2,0
MIMAT0014987,0,0,0,0,0,0,0,0
MIMAT0014988,21,0,6,3,0,2,4,4
MIMAT0014989,0,0,0,0,0,4,0,0
MIMAT0014990,11,8,0,2,2,8,10,14
MIMAT0014991,0,0,0,0,0,0,0,0
MIMAT0014992,11,0,0,0,0,8,0,5
MIMAT0014994,0,0,0,0,0,0,0,0
MIMAT0014994_1,0,0,0,0,0,0,0,0
MIMAT0014995,0,0,0,0,0,0,0,0
MIMAT0014995_1,0,0,0,0,0,0,0,0
MIMAT0014996,4,55,57,83,9,67,16,53
MIMAT0014997,0,0,0,0,0,0,0,0
MIMAT0014998,0,0,0,0,0,0,0,0
MIMAT0014999,0,0,0,0,0,0,0,0
MIMAT0015000,0,0,0,0,0,0,0,0
MIMAT0015001,0,0,0,0,0,0,0,9
MIMAT0015002,0,0,0,0,0,0,0,0
MIMAT0015003,0,0,0,0,2,0,0,0
MIMAT0015004,0,0,0,0,0,0,0,0
MIMAT0015005,0,0,0,0,0,0,0,0
MIMAT0015006,31,6,5,0,5,0,6,4
MIMAT0015007,0,0,0,0,0,0,0,0
MIMAT0015008,6,0,6,0,0,0,0,0
MIMAT0015009,0,1,0,0,0,0,0,0
MIMAT0015010,0,0,0,0,0,0,0,0
MIMAT0015011,0,0,0,0,0,0,0,0
MIMAT0015012,0,0,0,0,0,0,0,0
MIMAT0015013,0,0,0,0,0,0,0,0
MIMAT0015014,0,0,0,0,0,0,0,0
MIMAT0015015,0,0,0,0,0,0,0,0
MIMAT0015016,0,0,0,0,0,0,0,0
MIMAT0015017,0,0,0,0,0,0,0,0
MIMAT0015018,0,0,0,0,0,0,0,6
MIMAT0015019,0,0,0,0,0,0,0,0
MIMAT0015020,0,0,0,0,0,0,0,0
MIMAT0015021,0,0,0,0,0,0,0,0
MIMAT0015022,0,0,0,0,0,0,0,0
MIMAT0015023,0,0,0,0,0,2,0,0
MIMAT0015024,0,0,0,0,0,0,0,0
MIMAT0015025,0,0,0,0,0,0,0,0
MIMAT0015026,0,0,0,0,0,0,0,0
MIMAT0015027,0,0,0,0,0,0,0,5
MIMAT0015028,4,0,0,0,0,0,0,0
MIMAT0015029,0,0,0,0,0,0,0,0
MIMAT0015030,0,0,0,0,0,0,0,0
MIMAT0015030_1,0,0,0,0,0,0,0,0
MIMAT0015030_2,0,0,0,0,0,0,0,0
MIMAT0015031,0,0,0,0,1,0,1,3
MIMAT0015032,0,0,0,0,0,0,0,0
MIMAT0015032_1,0,0,0,0,0,0,0,0
MIMAT0015033,0,0,0,0,0,2,0,0
MIMAT0015034,0,0,0,0,0,0,0,0
MIMAT0015034_1,0,0,0,0,0,0,0,0
MIMAT0015035,0,0,0,0,0,0,0,0
MIMAT0015036,9,0,0,0,0,4,4,0
MIMAT0015037,0,0,0,0,0,0,0,0
MIMAT0015038,0,0,0,0,0,0,0,5
MIMAT0015039,0,0,0,0,0,0,0,0
MIMAT0015040,0,0,0,0,0,0,0,0
MIMAT0015041,0,0,0,0,0,0,0,0
MIMAT0015042,0,0,0,0,0,0,0,0
MIMAT0015043,0,0,0,0,0,0,0,0
MIMAT0015044,0,0,0,0,0,0,0,0
MIMAT0015045,0,0,0,0,0,0,0,0
MIMAT0015046,0,0,0,0,0,0,0,0
MIMAT0015048,0,0,0,0,0,0,0,0
MIMAT0015049,0,0,0,0,0,0,0,0
MIMAT0015050,45,54,25,36,18,207,37,191
MIMAT0015051,0,0,0,0,0,0,0,0
MIMAT0015052,0,0,0,0,0,0,0,0
MIMAT0015053,0,0,0,0,0,0,0,2
MIMAT0015054,0,0,0,7,1,0,2,0
MIMAT0015055,0,0,0,0,0,3,0,0
MIMAT0015056,0,0,0,0,0,0,0,0
MIMAT0015056_1,0,0,0,0,0,0,0,0
MIMAT0015056_2,0,0,0,0,0,0,0,0
MIMAT0015056_3,0,0,0,0,0,0,0,0
MIMAT0015057,0,0,0,0,0,0,0,0
MIMAT0015057_1,0,0,0,0,0,0,0,0
MIMAT0015057_2,0,0,0,0,0,0,0,0
MIMAT0015058,0,0,0,0,0,0,0,0
MIMAT0015058_1,0,0,0,0,0,0,0,0
MIMAT0015058_2,0,0,0,0,0,0,0,0
MIMAT0015060,0,0,0,0,0,0,0,0
MIMAT0015061,0,0,0,0,0,0,0,0
MIMAT0015062,0,0,0,0,0,0,0,0
MIMAT0015063,0,0,0,0,0,0,0,0
MIMAT0015064,0,0,0,0,0,0,0,0
MIMAT0015065,0,0,0,0,0,0,0,0
MIMAT0015066,15,23,40,79,3,16,73,140
MIMAT0015067,0,0,0,0,0,0,0,0
MIMAT0015068,0,0,0,0,0,0,0,0
MIMAT0015069,11,31,22,13,13,24,8,12
MIMAT0015070,0,0,0,0,2,0,0,4
MIMAT0015071,0,0,0,0,0,0,0,0
MIMAT0015072,2,3,0,0,4,5,0,1
MIMAT0015073,0,0,0,0,0,0,0,0
MIMAT0015075,0,0,0,0,0,0,0,0
MIMAT0015076,0,0,0,4,0,0,0,0
MIMAT0015077,0,0,0,0,0,0,0,0
MIMAT0015078,0,0,0,0,0,0,0,0
MIMAT0015079,0,0,0,0,0,0,0,0
MIMAT0015080,0,0,0,0,0,0,0,0
MIMAT0015081,0,0,0,0,0,0,0,0
MIMAT0015081_1,0,0,0,0,0,0,0,0
MIMAT0015082,0,0,0,0,0,0,0,0
MIMAT0015083,0,0,0,0,0,0,0,0
MIMAT0015083_1,0,0,0,0,0,0,0,0
MIMAT0015084,0,0,0,0,0,0,0,0
MIMAT0015084_1,0,0,0,0,0,0,0,0
MIMAT0015085,0,0,0,0,0,3,2,8
MIMAT0015086,0,0,0,0,0,0,0,0
MIMAT0015087,6,3,1,3,2,13,3,2
MIMAT0015088,0,0,2,3,4,4,0,0
MIMAT0015089,0,0,0,0,0,0,0,0
MIMAT0015089_1,0,0,0,0,0,0,0,6
MIMAT0015090,0,0,0,0,0,0,0,0
MIMAT0015377,0,0,0,0,0,0,0,0
MIMAT0015378,11,1,13,29,2,1,23,19
MIMAT0016844,0,0,0,0,0,0,0,0
MIMAT0016845,0,0,0,0,0,0,0,0
MIMAT0016846,0,0,0,0,0,0,0,0
MIMAT0016847,0,0,0,0,0,0,0,0
MIMAT0016848,0,0,0,4,0,0,0,0
MIMAT0016849,0,0,0,0,0,0,0,0
MIMAT0016850,0,0,0,0,0,0,0,0
MIMAT0016851,0,0,0,0,0,0,0,0
MIMAT0016852,0,0,0,0,0,0,0,0
MIMAT0016853,0,0,0,0,0,0,0,0
MIMAT0016854,0,0,0,0,0,0,0,0
MIMAT0016855,0,0,0,0,0,0,0,0
MIMAT0016856,0,0,0,0,0,0,0,0
MIMAT0016857,0,0,0,0,0,0,0,0
MIMAT0016858,0,0,0,0,0,0,0,0
MIMAT0016859,0,0,0,0,0,0,0,0
MIMAT0016860,0,0,0,0,0,0,0,0
MIMAT0016861,0,0,0,0,0,0,0,0
MIMAT0016862,0,0,0,0,0,0,0,0
MIMAT0016863,0,0,0,0,0,0,0,0
MIMAT0016864,0,0,0,0,0,0,0,0
MIMAT0016865,0,0,0,0,0,0,0,0
MIMAT0016866,0,0,0,0,0,0,0,0
MIMAT0016866_1,0,0,0,0,0,0,0,0
MIMAT0016867,0,0,0,0,0,0,0,0
MIMAT0016868,0,0,0,0,0,0,0,0
MIMAT0016869,0,0,0,0,0,0,0,0
MIMAT0016870,0,0,0,0,0,0,0,0
MIMAT0016871,0,0,0,0,0,0,0,0
MIMAT0016872,0,0,0,0,0,0,0,0
MIMAT0016873,0,0,0,0,0,0,0,0
MIMAT0016874,0,0,0,0,0,0,0,0
MIMAT0016875,0,0,0,0,0,0,0,0
MIMAT0016876,0,0,0,0,0,0,0,0
MIMAT0016877,0,0,0,0,0,0,0,0
MIMAT0016878,0,0,0,0,0,0,0,0
MIMAT0016879,0,0,0,0,0,0,0,0
MIMAT0016880,0,0,0,0,0,0,0,0
MIMAT0016881,0,0,0,0,0,0,0,0
MIMAT0016882,0,0,0,0,0,0,0,0
MIMAT0016883,0,0,0,0,0,0,0,0
MIMAT0016884,0,0,0,0,0,0,0,0
MIMAT0016885,0,0,0,0,0,0,0,0
MIMAT0016886,0,0,0,0,0,0,0,0
MIMAT0016887,0,0,0,0,0,0,0,0
MIMAT0016888,5,2,5,3,4,0,8,8
MIMAT0016889,0,0,0,0,0,0,0,0
MIMAT0016890,0,0,0,0,0,0,0,0
MIMAT0016891,0,0,0,0,0,0,0,0
MIMAT0016892,0,0,0,0,0,0,0,0
MIMAT0016893,0,0,0,0,0,0,0,0
MIMAT0016894,0,0,0,0,0,0,0,0
MIMAT0016895,0,0,0,0,0,0,0,0
MIMAT0016896,0,0,0,0,0,0,0,0
MIMAT0016897,0,0,0,0,0,0,0,0
MIMAT0016898,0,0,0,0,0,0,0,0
MIMAT0016899,0,0,0,0,0,0,0,0
MIMAT0016900,0,0,0,0,0,0,0,0
MIMAT0016901,0,0,0,0,0,0,0,0
MIMAT0016902,0,0,0,0,0,0,0,0
MIMAT0016903,0,0,0,0,0,0,0,0
MIMAT0016904,0,0,0,0,0,0,0,0
MIMAT0016905,0,0,0,0,0,0,0,0
MIMAT0016906,0,0,0,0,0,0,0,0
MIMAT0016907,0,0,0,0,0,0,0,0
MIMAT0016908,0,0,0,0,0,0,0,0
MIMAT0016909,0,0,0,0,0,0,0,0
MIMAT0016910,0,0,0,0,0,0,0,0
MIMAT0016911,0,0,0,0,0,0,0,0
MIMAT0016912,0,0,0,0,0,0,0,0
MIMAT0016913,0,0,0,0,0,0,0,0
MIMAT0016914,0,0,0,0,0,0,0,0
MIMAT0016914_1,0,0,0,0,0,0,0,0
MIMAT0016915,0,0,0,0,0,0,0,0
MIMAT0016916,0,0,0,0,0,0,0,0
MIMAT0016917,0,0,0,0,0,0,0,0
MIMAT0016918,0,0,0,0,0,0,0,0
MIMAT0016919,0,0,0,0,0,0,0,0
MIMAT0016920,0,0,0,0,0,0,0,0
MIMAT0016921,0,0,0,0,0,0,0,0
MIMAT0016922,0,0,0,0,0,0,0,0
MIMAT0016923,0,0,0,0,0,0,0,0
MIMAT0016924,0,0,0,0,0,0,0,0
MIMAT0016925,0,0,0,0,0,0,0,0
MIMAT0016926,0,0,0,0,0,0,0,0
MIMAT0017352,6,0,1,0,0,0,0,5
MIMAT0017392,0,0,0,0,0,0,0,0
MIMAT0017950,0,2,0,1,1,0,0,0
MIMAT0017981,0,13,2,4,0,2,3,14
MIMAT0017982,19,3,4,0,6,4,1,15
MIMAT0017983,0,0,0,0,0,0,0,0
MIMAT0017984,0,0,0,0,0,0,0,0
MIMAT0017985,0,0,0,0,0,0,0,0
MIMAT0017986,0,0,0,0,6,0,0,5
MIMAT0017987,0,0,0,0,0,0,0,0
MIMAT0017988,0,0,0,0,0,1,1,8
MIMAT0017989,0,0,0,0,0,1,0,0
MIMAT0017990,27,36,71,67,38,85,47,116
MIMAT0017991,0,0,1,0,1,1,2,3
MIMAT0017992,0,0,0,0,0,0,0,0
MIMAT0017993,0,9,0,0,0,0,0,0
MIMAT0017994,153,127,55,60,112,90,165,199
MIMAT0017995,0,0,0,0,0,0,0,0
MIMAT0017996,0,0,0,0,0,0,3,0
MIMAT0017997,0,0,0,0,0,0,0,0
MIMAT0017998,0,0,0,0,0,0,0,0
MIMAT0017999,0,0,0,0,0,0,0,0
MIMAT0018000,0,0,0,0,0,0,1,0
MIMAT0018001,0,0,0,0,0,0,0,0
MIMAT0018002,0,0,0,0,0,0,0,0
MIMAT0018003,10,0,0,0,0,0,2,0
MIMAT0018004,0,0,0,0,0,0,0,0
MIMAT0018005,0,0,0,0,0,0,0,0
MIMAT0018006,0,0,0,0,0,0,0,0
MIMAT0018065,0,0,0,0,0,0,0,0
MIMAT0018068,0,0,0,0,0,0,0,0
MIMAT0018068_1,0,0,0,0,0,0,0,0
MIMAT0018069,0,0,0,0,0,0,0,0
MIMAT0018070,0,0,0,0,0,0,0,0
MIMAT0018071,3,0,0,0,0,0,0,0
MIMAT0018072,0,0,0,0,1,0,0,0
MIMAT0018073,0,0,1,2,0,0,0,0
MIMAT0018074,0,1,0,0,0,0,0,0
MIMAT0018075,0,0,0,0,0,0,0,0
MIMAT0018076,0,0,0,0,0,0,0,0
MIMAT0018077,0,0,0,0,0,0,1,0
MIMAT0018078,0,0,0,0,0,0,0,0
MIMAT0018079,0,0,0,0,0,0,0,0
MIMAT0018080,0,0,0,0,0,0,0,0
MIMAT0018081,0,0,0,0,0,0,0,0
MIMAT0018082,0,4,9,0,0,0,0,3
MIMAT0018083,0,0,0,0,0,0,0,0
MIMAT0018084,0,0,0,0,0,0,0,0
MIMAT0018085,0,0,0,0,0,0,0,0
MIMAT0018086,0,0,0,0,0,0,0,0
MIMAT0018087,0,0,0,0,0,0,0,0
MIMAT0018088,0,0,0,0,0,0,0,0
MIMAT0018089,0,0,0,0,0,0,0,0
MIMAT0018090,0,0,0,0,0,0,0,0
MIMAT0018091,0,0,0,0,0,0,0,0
MIMAT0018093,0,0,0,0,0,0,0,0
MIMAT0018093_1,0,0,0,0,0,0,0,0
MIMAT0018093_2,0,0,0,0,0,0,0,0
MIMAT0018093_3,0,0,0,0,0,0,0,0
MIMAT0018094,0,0,0,0,0,0,0,0
MIMAT0018095,0,0,0,0,0,0,0,0
MIMAT0018097,0,0,0,0,0,0,0,0
MIMAT0018098,0,0,0,0,0,0,0,0
MIMAT0018099,0,0,0,0,0,0,0,0
MIMAT0018101,0,0,0,0,0,0,0,0
MIMAT0018102,0,0,0,0,0,0,0,0
MIMAT0018103,0,0,0,0,0,0,0,0
MIMAT0018104,73,95,25,39,14,92,23,23
MIMAT0018105,0,0,0,0,0,0,0,0
MIMAT0018106,0,0,0,0,0,0,0,0
MIMAT0018106_1,0,0,0,0,0,0,0,0
MIMAT0018107,0,0,0,0,0,0,0,0
MIMAT0018107_1,0,0,0,0,0,0,0,0
MIMAT0018108,0,0,0,0,0,0,0,0
MIMAT0018109,0,0,0,0,0,0,0,0
MIMAT0018110,0,0,0,0,0,0,0,0
MIMAT0018111,0,0,0,0,0,0,0,0
MIMAT0018112,0,0,0,0,0,0,0,2
MIMAT0018113,0,0,0,0,0,0,0,0
MIMAT0018114,0,0,0,0,0,0,0,0
MIMAT0018115,0,0,0,0,0,0,0,0
MIMAT0018115_1,0,0,0,0,0,0,0,0
MIMAT0018116,0,0,0,0,0,0,0,0
MIMAT0018116_1,0,0,0,0,0,0,0,0
MIMAT0018117,0,0,0,0,0,0,0,0
MIMAT0018118,0,0,0,0,0,0,0,0
MIMAT0018119,0,0,0,0,0,0,0,0
MIMAT0018119_1,0,0,0,0,0,0,0,0
MIMAT0018120,0,0,0,0,0,1,0,0
MIMAT0018121,0,0,0,0,0,0,0,0
MIMAT0018122,0,0,0,0,0,0,0,0
MIMAT0018164,0,0,0,0,0,0,0,0
MIMAT0018165,0,0,0,0,0,0,0,0
MIMAT0018178,0,0,0,0,0,0,0,0
MIMAT0018178_1,0,0,0,0,0,0,0,0
MIMAT0018179,0,0,0,0,0,0,0,0
MIMAT0018180,0,0,0,0,0,0,0,0
MIMAT0018181,0,0,0,0,0,0,0,0
MIMAT0018182,0,0,0,0,0,0,0,0
MIMAT0018183,0,0,0,0,0,0,0,0
MIMAT0018184,0,0,0,0,0,0,0,0
MIMAT0018184_1,0,0,0,0,0,0,0,0
MIMAT0018185,5,0,0,0,0,0,0,0
MIMAT0018186,0,0,0,0,0,0,1,0
MIMAT0018187,0,0,0,0,0,0,0,0
MIMAT0018187_1,0,0,0,0,0,0,0,0
MIMAT0018188,0,0,0,0,0,0,0,0
MIMAT0018188_1,0,0,0,0,0,0,0,0
MIMAT0018189,0,0,0,0,0,0,0,0
MIMAT0018190,0,0,0,0,0,0,0,0
MIMAT0018191,0,0,0,0,0,0,0,0
MIMAT0018192,0,0,0,0,0,0,0,0
MIMAT0018193,0,0,0,0,0,0,0,0
MIMAT0018194,0,0,2,0,0,0,1,4
MIMAT0018195,0,0,0,0,0,0,0,0
MIMAT0018196,0,0,0,0,0,0,0,0
MIMAT0018197,0,0,0,0,0,0,0,0
MIMAT0018198,0,0,0,0,0,0,0,0
MIMAT0018199,0,0,0,0,0,0,0,0
MIMAT0018200,0,0,0,0,0,0,0,0
MIMAT0018201,0,0,0,0,0,0,0,0
MIMAT0018201_1,0,0,0,0,0,0,0,0
MIMAT0018202,0,0,3,0,0,0,0,0
MIMAT0018203,0,0,0,0,0,0,0,0
MIMAT0018204,7,6,0,6,0,3,7,0
MIMAT0018205,0,2,3,0,7,3,5,12
MIMAT0018206,0,0,0,0,0,0,0,0
MIMAT0018349,0,0,0,0,0,0,0,0
MIMAT0018350,0,0,0,0,0,0,0,0
MIMAT0018351,0,0,0,0,0,0,0,0
MIMAT0018352,0,0,0,0,0,0,0,0
MIMAT0018353,0,0,0,0,0,0,0,0
MIMAT0018354,0,0,0,0,0,0,0,0
MIMAT0018355,0,0,0,0,4,0,0,0
MIMAT0018356,0,1,6,0,7,6,0,6
MIMAT0018357,0,0,0,0,0,0,0,0
MIMAT0018358,0,0,0,0,3,0,0,2
MIMAT0018359,0,0,0,0,0,0,0,0
MIMAT0018360,0,2,0,0,0,0,0,0
MIMAT0018361,0,0,0,0,0,0,0,0
MIMAT0018443,0,0,0,0,0,0,0,0
MIMAT0018444,0,0,0,0,0,0,0,0
MIMAT0018445,0,0,0,0,0,0,0,0
MIMAT0018445_1,0,0,0,0,0,0,0,0
MIMAT0018446,0,0,0,0,0,0,0,0
MIMAT0018447,0,0,0,0,0,0,0,0
MIMAT0018447_1,0,0,0,0,0,0,0,0
MIMAT0018925,0,0,0,0,0,0,0,0
MIMAT0018926,0,0,0,0,0,0,0,0
MIMAT0018926_1,0,0,0,0,0,0,0,0
MIMAT0018927,0,0,0,0,0,0,0,0
MIMAT0018928,0,0,0,0,0,0,0,0
MIMAT0018929,0,0,0,0,0,0,0,0
MIMAT0018930,0,0,0,0,0,0,0,0
MIMAT0018931,0,0,0,0,0,0,0,0
MIMAT0018932,0,0,0,0,0,0,0,0
MIMAT0018933,0,0,0,0,0,0,0,0
MIMAT0018934,0,0,0,0,0,0,0,0
MIMAT0018935,0,0,0,0,0,0,0,0
MIMAT0018936,0,0,0,0,0,0,0,0
MIMAT0018937,0,0,0,0,0,0,0,0
MIMAT0018938,0,0,0,0,0,0,0,0
MIMAT0018939,0,0,0,0,0,0,0,0
MIMAT0018940,0,0,0,0,0,0,0,0
MIMAT0018941,0,0,0,0,0,0,0,0
MIMAT0018942,0,0,0,0,0,0,0,0
MIMAT0018943,0,0,0,0,0,0,0,0
MIMAT0018944,2,1,0,0,1,2,2,4
MIMAT0018945,0,0,0,0,0,0,0,0
MIMAT0018946,0,0,0,0,0,0,0,0
MIMAT0018947,0,0,0,0,0,0,0,0
MIMAT0018948,0,0,0,0,0,0,0,0
MIMAT0018949,0,0,0,0,0,0,0,0
MIMAT0018950,0,0,0,0,0,0,0,0
MIMAT0018951,0,0,0,0,0,0,0,0
MIMAT0018951_1,0,0,0,0,0,0,0,0
MIMAT0018952,0,0,0,0,0,0,0,0
MIMAT0018953,0,0,0,0,0,0,0,0
MIMAT0018954,0,0,0,0,0,0,0,0
MIMAT0018954_1,0,0,0,0,0,0,0,0
MIMAT0018956,0,0,0,0,0,0,0,0
MIMAT0018957,0,0,0,0,0,0,0,0
MIMAT0018958,0,0,0,0,0,0,0,0
MIMAT0018959,0,0,0,0,0,0,0,0
MIMAT0018960,0,0,0,0,0,0,0,0
MIMAT0018961,52,35,11,5,14,118,34,16
MIMAT0018962,0,0,0,0,0,0,0,0
MIMAT0018962_1,0,0,0,0,0,0,0,0
MIMAT0018963,0,0,0,0,0,0,0,0
MIMAT0018964,0,0,0,0,0,0,0,0
MIMAT0018965,0,0,0,0,0,0,0,0
MIMAT0018966,0,0,0,0,0,0,0,0
MIMAT0018967,0,0,0,0,0,0,0,0
MIMAT0018968,0,3,0,0,0,0,0,0
MIMAT0018969,0,0,0,0,2,0,0,0
MIMAT0018969_1,0,0,0,0,0,0,0,0
MIMAT0018971,0,0,0,0,0,0,0,0
MIMAT0018972,0,0,0,0,0,0,0,0
MIMAT0018973,0,0,0,0,0,0,0,0
MIMAT0018974,0,0,0,0,0,0,0,0
MIMAT0018975,0,0,0,0,0,0,0,0
MIMAT0018976,0,0,0,0,0,0,0,0
MIMAT0018977,0,0,0,0,0,0,0,0
MIMAT0018978,0,0,0,0,0,0,0,0
MIMAT0018979,0,0,0,0,0,0,0,0
MIMAT0018980,0,0,0,0,0,0,0,0
MIMAT0018981,0,0,0,0,0,0,0,0
MIMAT0018982,0,0,0,0,0,0,0,0
MIMAT0018983,0,0,0,0,0,0,0,0
MIMAT0018984,0,0,0,0,0,0,0,0
MIMAT0018985,0,0,0,0,0,0,0,0
MIMAT0018986,0,4,0,0,0,0,3,0
MIMAT0018987,0,0,0,0,0,0,0,0
MIMAT0018988,0,0,0,0,0,0,0,0
MIMAT0018989,0,0,0,0,0,0,0,0
MIMAT0018990,0,0,0,0,0,0,0,0
MIMAT0018990_1,0,0,0,0,0,0,0,0
MIMAT0018992,0,0,0,0,0,0,0,0
MIMAT0018993,0,0,0,0,0,0,0,0
MIMAT0018994,4,1,0,4,3,4,0,4
MIMAT0018995,0,0,0,0,0,0,0,0
MIMAT0018996,0,0,0,0,0,0,0,0
MIMAT0018997,0,0,0,0,0,0,0,0
MIMAT0018998,0,0,0,0,0,0,0,0
MIMAT0018999,0,0,0,0,0,0,0,0
MIMAT0018999_1,0,0,0,0,0,0,0,0
MIMAT0019000,0,0,0,0,0,0,0,0
MIMAT0019001,0,1,2,0,0,0,0,0
MIMAT0019002,0,0,0,0,0,0,0,0
MIMAT0019003,0,0,0,0,0,0,0,0
MIMAT0019004,0,0,0,0,0,0,0,0
MIMAT0019005_1,0,0,0,0,0,0,0,0
MIMAT0019006,0,0,0,0,0,0,0,0
MIMAT0019007,0,0,0,0,0,0,0,0
MIMAT0019008,0,0,0,0,0,0,0,0
MIMAT0019008_1,0,0,0,0,0,0,0,0
MIMAT0019009,0,0,0,0,0,0,0,0
MIMAT0019010,0,0,0,0,0,0,0,0
MIMAT0019011,0,0,0,0,0,0,0,0
MIMAT0019012,0,0,0,0,0,0,0,0
MIMAT0019013,0,0,0,0,0,0,0,0
MIMAT0019014,0,0,0,0,0,0,0,0
MIMAT0019015,0,0,0,0,0,0,0,0
MIMAT0019016,0,0,0,0,0,0,0,0
MIMAT0019017,0,0,0,0,0,0,0,0
MIMAT0019018,0,0,0,0,0,0,0,0
MIMAT0019019,0,0,0,0,0,0,0,0
MIMAT0019020,0,0,0,0,0,0,0,0
MIMAT0019021,0,0,0,0,0,0,0,0
MIMAT0019022,0,0,0,0,0,0,0,0
MIMAT0019023,0,0,0,0,0,0,0,0
MIMAT0019024,0,0,0,0,0,0,0,0
MIMAT0019025,0,0,0,0,0,0,0,0
MIMAT0019026,0,0,0,0,0,0,0,0
MIMAT0019027,0,0,0,0,0,3,0,0
MIMAT0019028,0,0,0,0,0,0,0,0
MIMAT0019029,0,0,0,0,0,1,0,0
MIMAT0019030,0,0,0,0,0,0,0,0
MIMAT0019031,0,0,0,0,0,0,0,0
MIMAT0019032,0,0,0,0,0,0,0,0
MIMAT0019033,0,0,0,0,0,0,0,0
MIMAT0019034,0,0,0,0,0,0,0,0
MIMAT0019035,0,0,0,0,0,0,0,0
MIMAT0019036,0,0,0,0,0,0,0,0
MIMAT0019037,0,0,0,0,0,0,0,0
MIMAT0019038,0,0,0,0,0,0,0,0
MIMAT0019039,0,0,0,0,0,0,0,0
MIMAT0019040,0,0,0,0,0,0,0,0
MIMAT0019041,0,0,0,0,0,0,0,0
MIMAT0019042,0,0,0,0,0,0,0,0
MIMAT0019043,0,0,0,0,0,0,0,0
MIMAT0019044,0,0,0,0,0,0,0,0
MIMAT0019045,0,0,0,0,0,0,0,0
MIMAT0019046,0,0,0,0,0,0,0,0
MIMAT0019046_1,0,0,0,0,0,0,0,0
MIMAT0019046_2,0,0,0,0,0,0,0,0
MIMAT0019047,0,0,0,0,0,0,0,0
MIMAT0019048,0,0,0,0,0,0,0,0
MIMAT0019049,0,0,0,0,0,0,0,0
MIMAT0019050,0,0,0,0,0,0,0,0
MIMAT0019051,0,0,0,0,0,0,0,0
MIMAT0019052,0,0,0,0,0,0,0,0
MIMAT0019053,0,0,0,0,0,0,0,0
MIMAT0019054,0,0,0,0,0,0,0,0
MIMAT0019055,0,0,0,0,0,0,0,0
MIMAT0019056,0,0,0,0,0,0,0,0
MIMAT0019057,0,0,0,0,0,0,0,0
MIMAT0019058,0,0,0,0,0,1,0,0
MIMAT0019059,0,0,0,0,0,0,0,0
MIMAT0019060,0,0,0,0,0,0,0,0
MIMAT0019061,0,0,0,0,0,0,0,0
MIMAT0019062,0,0,0,0,0,0,0,0
MIMAT0019063,0,0,4,0,0,0,0,0
MIMAT0019064,0,0,0,1,0,0,0,2
MIMAT0019065,0,0,0,0,0,0,0,0
MIMAT0019066,0,0,0,0,0,0,0,0
MIMAT0019067,0,0,0,0,0,0,0,0
MIMAT0019068,0,0,0,0,0,0,0,0
MIMAT0019069,0,0,0,0,0,0,0,0
MIMAT0019070,0,0,0,0,0,0,0,0
MIMAT0019071,0,0,0,0,0,0,0,0
MIMAT0019072,0,0,0,0,2,0,0,0
MIMAT0019073,0,0,0,0,0,0,0,0
MIMAT0019074,0,0,0,0,0,0,0,0
MIMAT0019075,0,0,0,0,0,0,0,0
MIMAT0019076,0,0,0,0,0,0,0,0
MIMAT0019077,0,0,0,0,0,0,0,0
MIMAT0019078,0,0,0,0,0,0,0,0
MIMAT0019078_1,0,0,0,0,0,0,0,0
MIMAT0019079,0,0,0,0,0,0,0,0
MIMAT0019080,0,0,0,0,0,0,0,0
MIMAT0019081,0,0,0,0,0,0,0,0
MIMAT0019082,0,0,0,0,0,0,0,0
MIMAT0019083,0,0,0,0,0,0,0,0
MIMAT0019197,0,0,0,0,0,0,0,0
MIMAT0019198,0,0,0,0,0,0,0,0
MIMAT0019199,0,0,0,0,0,0,0,0
MIMAT0019200,0,0,0,0,0,0,0,0
MIMAT0019201,0,0,0,0,0,0,0,0
MIMAT0019202,8,0,0,0,0,0,0,0
MIMAT0019203,0,0,0,0,0,0,0,0
MIMAT0019204,0,0,0,0,0,0,0,0
MIMAT0019205,0,0,0,0,0,0,0,0
MIMAT0019206,0,0,0,0,0,0,0,0
MIMAT0019207,0,0,0,0,0,0,0,0
MIMAT0019208,0,0,0,0,0,0,0,0
MIMAT0019209,0,0,0,0,0,0,0,0
MIMAT0019209_1,0,0,0,0,0,0,0,0
MIMAT0019210,0,0,0,0,0,0,0,0
MIMAT0019211,0,0,0,0,0,0,0,0
MIMAT0019211_1,0,0,0,0,0,0,0,0
MIMAT0019212,0,0,0,0,0,0,0,0
MIMAT0019212_1,0,0,0,0,0,0,0,0
MIMAT0019213,0,0,0,0,0,0,0,0
MIMAT0019214,0,0,0,3,3,3,0,4
MIMAT0019215,0,0,0,0,0,0,0,0
MIMAT0019216,0,0,0,0,0,0,0,0
MIMAT0019217,0,0,0,0,0,0,0,0
MIMAT0019218,0,0,0,0,0,0,0,0
MIMAT0019219,0,0,0,0,0,0,0,0
MIMAT0019220,0,0,0,0,0,0,0,0
MIMAT0019221,0,0,0,0,0,0,0,0
MIMAT0019222,0,0,0,0,0,0,0,0
MIMAT0019223,0,0,0,0,0,0,0,0
MIMAT0019223_1,0,0,0,0,0,0,0,0
MIMAT0019224,0,0,0,5,0,0,0,0
MIMAT0019225,0,0,0,0,0,0,0,0
MIMAT0019225_1,0,0,0,0,0,0,0,0
MIMAT0019226,0,0,0,0,0,0,0,0
MIMAT0019227,0,0,0,0,0,0,0,0
MIMAT0019228,0,0,0,0,0,0,0,0
MIMAT0019229,0,0,0,0,0,0,0,0
MIMAT0019230,0,0,0,0,0,0,0,0
MIMAT0019231,0,0,0,0,0,0,0,0
MIMAT0019232,0,0,0,0,0,0,0,0
MIMAT0019233,0,0,0,0,0,0,0,0
MIMAT0019234,0,0,0,0,0,0,0,0
MIMAT0019235,0,0,0,0,0,0,0,0
MIMAT0019235_1,0,0,0,0,0,0,0,0
MIMAT0019236,0,0,0,0,0,0,0,0
MIMAT0019337,0,3,0,0,0,0,0,0
MIMAT0019357,0,0,0,0,0,0,0,0
MIMAT0019358,0,0,0,0,0,0,0,0
MIMAT0019359,0,0,0,0,0,0,0,0
MIMAT0019360,0,0,0,0,0,0,0,0
MIMAT0019361,0,0,0,0,0,0,0,0
MIMAT0019362,0,0,0,0,0,0,0,0
MIMAT0019363,0,0,0,0,0,0,0,0
MIMAT0019688,0,0,0,0,0,0,0,0
MIMAT0019689,0,0,0,0,0,0,0,0
MIMAT0019690,0,0,0,0,0,0,0,0
MIMAT0019691,0,0,0,0,0,0,0,0
MIMAT0019692,0,0,0,0,0,0,0,0
MIMAT0019693,0,0,0,0,0,0,0,0
MIMAT0019694,0,0,0,0,0,0,0,0
MIMAT0019695,0,0,0,0,0,0,0,0
MIMAT0019696,0,0,0,0,0,0,0,0
MIMAT0019697,0,0,0,0,0,0,0,0
MIMAT0019698,0,0,0,0,0,0,0,0
MIMAT0019699,0,0,0,0,0,0,0,0
MIMAT0019700,0,0,0,0,0,0,0,0
MIMAT0019701,0,0,0,0,0,0,0,0
MIMAT0019702,0,0,0,0,0,0,0,0
MIMAT0019703,0,0,0,0,0,0,0,0
MIMAT0019704,0,0,0,0,0,0,0,0
MIMAT0019705,0,0,0,0,0,0,0,0
MIMAT0019706,0,0,0,0,0,0,2,0
MIMAT0019707,0,0,0,0,0,0,0,0
MIMAT0019708,0,0,0,0,0,0,0,0
MIMAT0019709,0,0,0,0,0,0,2,0
MIMAT0019710,0,0,0,0,0,0,0,0
MIMAT0019711,0,0,3,0,0,0,0,0
MIMAT0019712,0,0,0,0,0,0,0,0
MIMAT0019713,0,0,0,0,0,0,0,0
MIMAT0019713_1,0,0,0,0,0,0,0,0
MIMAT0019714,0,0,0,0,0,0,0,0
MIMAT0019714_1,0,0,0,0,0,0,0,0
MIMAT0019715,0,0,0,0,2,0,0,13
MIMAT0019716,0,0,0,0,0,0,0,0
MIMAT0019717,0,0,0,0,0,0,0,0
MIMAT0019718,0,0,0,0,0,0,0,0
MIMAT0019719,0,0,0,0,0,0,0,0
MIMAT0019720,0,0,0,0,0,0,0,0
MIMAT0019721,0,0,0,0,0,0,0,0
MIMAT0019722,0,0,0,0,0,0,0,0
MIMAT0019723,0,0,0,0,0,0,0,0
MIMAT0019724,3,0,0,0,0,0,0,0
MIMAT0019725,13,13,9,0,3,2,4,7
MIMAT0019726,0,0,0,0,0,0,0,0
MIMAT0019727,0,0,0,1,0,0,0,6
MIMAT0019728,0,4,0,1,3,0,0,0
MIMAT0019729,0,0,0,0,0,0,0,0
MIMAT0019730,0,0,0,0,0,0,0,0
MIMAT0019731,0,0,0,1,1,0,5,6
MIMAT0019732,0,0,0,0,0,0,0,0
MIMAT0019733,0,0,0,0,0,0,0,0
MIMAT0019734,0,0,0,0,0,0,0,0
MIMAT0019735,0,0,0,0,0,0,0,0
MIMAT0019736,0,0,0,0,0,0,0,0
MIMAT0019737,0,0,0,0,0,0,0,0
MIMAT0019738,0,0,0,0,0,0,0,0
MIMAT0019739,9,6,0,0,0,0,0,2
MIMAT0019740,0,0,0,0,0,0,0,0
MIMAT0019741,0,0,0,0,0,0,0,0
MIMAT0019742,0,0,0,0,0,0,0,0
MIMAT0019743,0,0,0,0,0,0,0,0
MIMAT0019744,0,0,0,0,0,0,0,0
MIMAT0019745,0,0,0,1,0,0,0,3
MIMAT0019746,0,0,0,0,0,0,0,0
MIMAT0019747,0,0,2,0,0,3,0,2
MIMAT0019748,0,0,0,0,0,0,0,0
MIMAT0019749,0,0,0,0,3,4,0,1
MIMAT0019750,0,0,0,0,0,0,0,0
MIMAT0019751,0,0,0,0,0,0,0,0
MIMAT0019752,0,0,0,0,0,0,0,0
MIMAT0019753,0,0,0,0,0,0,0,0
MIMAT0019754,0,0,0,0,0,0,0,0
MIMAT0019755,0,0,0,0,0,0,0,0
MIMAT0019756,0,0,0,0,0,0,0,0
MIMAT0019757,0,0,0,0,0,0,0,0
MIMAT0019758,0,0,0,0,0,0,0,0
MIMAT0019759,0,0,0,0,0,0,0,0
MIMAT0019760,0,0,0,0,0,0,0,0
MIMAT0019761,0,0,0,0,0,0,0,0
MIMAT0019762,0,0,0,0,0,0,0,0
MIMAT0019763,0,0,0,0,0,0,0,0
MIMAT0019763_1,0,0,0,0,0,0,0,0
MIMAT0019764,0,0,0,0,0,0,0,0
MIMAT0019765,0,2,0,0,0,0,0,0
MIMAT0019766,0,0,0,0,0,0,0,0
MIMAT0019767,0,0,0,0,0,0,0,0
MIMAT0019768,0,0,0,0,0,8,1,0
MIMAT0019769,0,0,0,0,0,0,0,0
MIMAT0019770,0,0,0,0,0,0,0,0
MIMAT0019771,0,0,0,0,0,0,0,0
MIMAT0019772,0,0,0,0,0,0,0,0
MIMAT0019773,0,0,0,0,0,0,0,0
MIMAT0019774,0,0,0,0,0,0,0,0
MIMAT0019775,0,0,0,0,0,4,0,0
MIMAT0019776,0,8,5,0,0,0,2,0
MIMAT0019777,0,0,0,0,0,0,0,0
MIMAT0019778,0,0,0,0,1,0,1,0
MIMAT0019779,0,0,0,0,0,0,0,0
MIMAT0019780,0,0,0,0,0,0,0,0
MIMAT0019781,0,0,0,0,0,0,0,0
MIMAT0019782,0,0,0,0,0,0,0,0
MIMAT0019783,0,0,0,0,0,0,0,0
MIMAT0019784,0,0,0,0,0,0,0,0
MIMAT0019785,0,0,0,0,0,0,0,0
MIMAT0019786,0,0,0,0,0,0,0,0
MIMAT0019787,0,0,0,0,0,0,0,0
MIMAT0019788,0,0,0,0,0,0,0,0
MIMAT0019789,0,0,0,0,0,0,0,0
MIMAT0019790,0,0,0,0,0,0,0,0
MIMAT0019791,0,0,0,0,0,0,0,0
MIMAT0019792,0,0,0,0,0,0,0,0
MIMAT0019793,0,6,0,5,0,0,0,1
MIMAT0019794,0,0,0,0,0,0,0,0
MIMAT0019795,0,0,0,0,0,0,0,0
MIMAT0019796,0,0,0,0,0,0,0,0
MIMAT0019797,0,0,0,0,0,0,0,0
MIMAT0019798,0,0,0,0,0,0,0,0
MIMAT0019799,0,0,0,0,0,0,0,0
MIMAT0019801,0,0,0,0,0,0,0,0
MIMAT0019802,0,0,0,0,0,0,0,0
MIMAT0019803,0,0,0,0,0,0,0,0
MIMAT0019804,0,0,0,0,0,0,0,0
MIMAT0019805,0,0,0,0,0,0,0,3
MIMAT0019806,0,0,0,0,0,0,0,0
MIMAT0019807,0,0,0,0,0,0,0,0
MIMAT0019808,0,0,0,0,0,0,0,0
MIMAT0019809,0,0,0,0,0,0,0,0
MIMAT0019810,0,0,0,0,0,0,0,0
MIMAT0019811,0,0,0,0,0,0,0,0
MIMAT0019812,0,0,0,0,0,0,0,0
MIMAT0019813,0,0,0,0,0,0,0,0
MIMAT0019814,7,0,0,0,0,0,6,0
MIMAT0019815,0,0,0,0,0,0,0,0
MIMAT0019816,0,0,0,0,0,0,0,0
MIMAT0019817,0,0,0,0,0,0,0,0
MIMAT0019818,0,0,0,0,0,0,0,0
MIMAT0019819,0,0,0,0,0,0,0,0
MIMAT0019820,0,0,0,0,0,0,0,0
MIMAT0019821,0,0,0,0,0,0,0,0
MIMAT0019822,0,0,0,0,0,0,0,0
MIMAT0019823,3,0,5,8,0,0,1,0
MIMAT0019824,0,0,0,0,0,0,0,0
MIMAT0019825,0,0,0,0,0,0,0,0
MIMAT0019826,0,0,0,0,0,0,0,0
MIMAT0019827,0,0,0,0,0,0,0,0
MIMAT0019828,0,2,0,0,0,4,0,0
MIMAT0019829,0,0,0,0,0,0,0,0
MIMAT0019830,0,0,0,0,0,0,0,0
MIMAT0019831,0,0,0,0,0,0,0,0
MIMAT0019832,0,0,0,0,0,0,0,0
MIMAT0019833,0,0,0,0,0,0,0,0
MIMAT0019834,0,0,0,0,0,0,0,0
MIMAT0019835,0,0,0,0,0,0,0,0
MIMAT0019836,0,0,0,0,0,0,0,5
MIMAT0019837,0,0,0,0,0,0,0,0
MIMAT0019838,0,0,0,0,0,0,0,0
MIMAT0019839,0,0,0,0,0,0,0,0
MIMAT0019840,0,0,0,0,0,0,0,0
MIMAT0019841,0,0,0,3,0,0,0,0
MIMAT0019842,0,0,0,0,0,0,0,0
MIMAT0019843,0,0,0,0,0,0,0,0
MIMAT0019844,0,0,0,0,0,0,0,0
MIMAT0019845,0,0,0,0,0,0,0,0
MIMAT0019846,0,0,0,0,0,0,0,0
MIMAT0019847,0,0,0,0,0,0,0,0
MIMAT0019848,0,0,0,0,0,0,0,0
MIMAT0019849,0,0,0,0,0,0,0,0
MIMAT0019850,0,0,0,0,5,0,1,0
MIMAT0019851,0,6,0,0,1,0,1,5
MIMAT0019852,0,0,0,0,0,0,0,0
MIMAT0019853,0,0,0,0,0,0,0,0
MIMAT0019854,0,0,0,0,0,0,0,0
MIMAT0019855,38,8,0,0,4,0,13,24
MIMAT0019856,0,0,0,0,0,0,0,0
MIMAT0019857,0,4,0,0,0,0,0,0
MIMAT0019858,0,0,0,0,0,0,0,0
MIMAT0019859,0,0,0,0,0,0,0,0
MIMAT0019860,0,0,0,0,0,0,0,0
MIMAT0019861,0,0,0,0,0,0,0,0
MIMAT0019862,0,0,0,0,0,0,0,0
MIMAT0019863,0,0,0,0,0,0,0,0
MIMAT0019864,0,0,0,1,0,3,6,0
MIMAT0019865,0,0,1,0,0,0,0,6
MIMAT0019866,0,0,0,0,0,0,0,0
MIMAT0019867,0,2,0,0,0,1,0,1
MIMAT0019868,0,0,0,0,0,0,1,0
MIMAT0019869,0,0,0,0,0,0,0,0
MIMAT0019870,0,0,0,0,0,0,0,0
MIMAT0019871,0,0,0,3,0,0,0,0
MIMAT0019872,0,0,4,0,0,0,0,0
MIMAT0019873,0,0,0,0,1,0,0,0
MIMAT0019874,0,0,0,0,0,0,0,0
MIMAT0019875,0,0,0,0,0,0,0,0
MIMAT0019876,0,0,0,0,0,0,0,0
MIMAT0019877,0,0,0,0,0,0,0,0
MIMAT0019878,0,0,0,0,0,1,0,2
MIMAT0019879,0,0,0,0,0,6,0,3
MIMAT0019880,0,0,0,0,0,2,0,6
MIMAT0019881,0,0,0,0,0,0,0,0
MIMAT0019882,5,0,1,0,1,0,0,0
MIMAT0019883,0,0,0,0,0,0,0,0
MIMAT0019884,0,0,0,0,0,9,1,0
MIMAT0019885,0,0,0,0,0,0,0,0
MIMAT0019886,0,0,0,0,0,0,0,0
MIMAT0019887,3,0,3,0,2,0,0,0
MIMAT0019888,0,0,0,0,0,0,0,0
MIMAT0019889,0,0,0,0,0,0,0,0
MIMAT0019890,0,0,0,0,0,1,3,0
MIMAT0019891,0,0,0,0,0,0,0,0
MIMAT0019892,0,0,0,0,0,0,0,0
MIMAT0019893,0,0,0,0,0,0,0,0
MIMAT0019894,0,0,0,0,0,0,0,0
MIMAT0019895,0,0,0,0,0,0,0,0
MIMAT0019896,0,0,0,0,0,0,0,0
MIMAT0019897,0,0,0,0,0,0,0,0
MIMAT0019898,0,0,0,0,0,0,0,0
MIMAT0019899,0,0,0,0,0,0,0,0
MIMAT0019900,0,0,0,0,0,0,0,0
MIMAT0019901,0,0,0,0,0,0,0,0
MIMAT0019902,0,0,0,0,0,0,0,0
MIMAT0019903,0,0,0,0,0,0,0,0
MIMAT0019904,0,0,0,0,0,0,0,0
MIMAT0019905,0,0,0,0,0,0,0,0
MIMAT0019906,0,0,0,0,0,0,0,0
MIMAT0019907,0,0,0,0,0,0,0,0
MIMAT0019908,0,0,2,0,0,0,0,0
MIMAT0019909,0,0,0,0,0,0,0,0
MIMAT0019910,0,0,1,0,0,0,0,0
MIMAT0019911,0,0,0,0,0,0,0,0
MIMAT0019912,0,0,0,0,0,0,0,0
MIMAT0019913,0,0,0,0,2,0,0,0
MIMAT0019914,0,0,0,0,0,0,0,0
MIMAT0019915,0,0,0,0,0,0,0,0
MIMAT0019916,0,0,0,0,0,0,0,0
MIMAT0019917,0,0,0,0,0,0,0,0
MIMAT0019918,0,0,4,0,0,2,0,4
MIMAT0019919,0,6,0,0,0,0,0,0
MIMAT0019920,0,0,0,0,0,0,0,0
MIMAT0019921,0,0,0,0,0,0,0,0
MIMAT0019922,0,0,0,0,0,0,0,0
MIMAT0019923,0,0,0,0,0,0,0,0
MIMAT0019924,0,0,0,0,0,0,0,0
MIMAT0019925,0,0,0,0,0,0,0,0
MIMAT0019925_1,0,0,0,0,0,0,0,0
MIMAT0019926,0,0,0,0,0,0,0,0
MIMAT0019927,0,0,0,0,0,0,0,0
MIMAT0019928,0,0,0,0,0,0,0,0
MIMAT0019928_1,0,0,0,0,0,0,0,0
MIMAT0019929,0,0,0,0,0,0,0,0
MIMAT0019930,0,0,0,0,0,0,0,0
MIMAT0019931,0,0,0,0,0,0,0,2
MIMAT0019932,0,0,0,0,0,0,0,0
MIMAT0019932_1,0,0,0,0,0,0,0,0
MIMAT0019933,0,0,0,0,0,0,0,0
MIMAT0019933_1,0,0,0,0,0,0,0,0
MIMAT0019934,0,0,0,0,0,0,0,0
MIMAT0019935,0,0,0,0,0,0,0,0
MIMAT0019936,0,0,0,0,0,0,0,0
MIMAT0019937,0,0,0,0,0,0,0,0
MIMAT0019938,0,0,0,0,0,0,0,0
MIMAT0019939,0,0,0,0,0,0,0,0
MIMAT0019940,0,0,0,0,0,0,0,0
MIMAT0019940_1,0,0,0,0,0,0,0,0
MIMAT0019941,0,0,0,0,0,0,0,0
MIMAT0019941_1,0,0,0,0,0,0,0,0
MIMAT0019942,0,0,2,0,0,0,0,0
MIMAT0019943,1,0,0,0,1,0,0,4
MIMAT0019944,0,0,0,0,0,0,0,0
MIMAT0019945,0,0,0,0,0,0,0,0
MIMAT0019946,0,0,0,0,0,0,0,0
MIMAT0019947,0,0,0,0,0,0,1,0
MIMAT0019948,0,0,0,0,0,0,0,0
MIMAT0019949,0,0,0,0,0,0,0,0
MIMAT0019950,0,0,0,0,0,0,0,0
MIMAT0019951,0,0,0,0,0,0,0,0
MIMAT0019952,0,0,0,0,0,0,0,0
MIMAT0019953,0,0,0,0,0,0,0,0
MIMAT0019954,0,0,0,0,0,0,0,0
MIMAT0019955,0,0,0,0,0,0,0,0
MIMAT0019956,0,0,0,0,0,0,0,0
MIMAT0019957,0,4,0,0,0,0,0,0
MIMAT0019958,0,0,0,0,0,0,0,0
MIMAT0019959,0,0,0,0,0,0,0,0
MIMAT0019960,0,0,0,0,0,0,0,0
MIMAT0019961,0,0,0,0,0,0,0,0
MIMAT0019962,0,0,0,0,0,0,0,0
MIMAT0019963,0,0,0,0,0,0,0,0
MIMAT0019964,0,0,0,0,0,0,0,0
MIMAT0019965,0,0,0,0,0,0,0,0
MIMAT0019966,0,0,0,0,0,0,0,0
MIMAT0019967,0,0,0,0,0,0,0,0
MIMAT0019968,0,0,0,0,0,0,0,0
MIMAT0019969,0,0,0,0,0,0,0,0
MIMAT0019970,0,0,0,0,0,0,0,0
MIMAT0019971,0,0,0,0,0,0,0,0
MIMAT0019972,0,0,0,0,0,0,0,0
MIMAT0019973,0,0,0,0,0,0,0,0
MIMAT0019974,0,0,0,0,0,0,0,0
MIMAT0019975,0,0,0,0,0,0,0,0
MIMAT0019976,0,0,0,0,0,0,0,0
MIMAT0019977,0,0,0,0,0,0,0,0
MIMAT0019978,10,0,0,0,0,0,0,0
MIMAT0019979,0,0,0,0,0,0,0,0
MIMAT0019980,0,0,0,0,0,0,0,0
MIMAT0019981,0,0,0,0,0,0,0,0
MIMAT0019982,0,0,0,0,0,0,0,0
MIMAT0019983,0,0,0,0,0,0,0,0
MIMAT0019984,0,0,0,0,0,5,0,0
MIMAT0019985,0,0,0,0,0,0,0,0
MIMAT0020300,0,0,0,0,0,0,0,0
MIMAT0020541,0,0,0,0,0,0,0,0
MIMAT0020600,0,0,0,0,0,0,0,0
MIMAT0020601,0,0,0,0,0,0,0,0
MIMAT0020602,0,0,0,0,0,0,0,0
MIMAT0020603,0,0,0,0,0,0,0,0
MIMAT0020924,0,5,0,0,0,0,0,0
MIMAT0020925,0,0,0,0,0,0,0,0
MIMAT0020956,0,0,0,0,0,0,0,0
MIMAT0020957,0,0,0,0,0,0,0,0
MIMAT0020958,0,0,0,0,0,0,0,0
MIMAT0020959,0,0,0,0,0,0,0,0
MIMAT0020959_1,0,0,0,0,0,0,0,0
MIMAT0021017,0,0,3,0,0,0,0,2
MIMAT0021018,0,0,0,0,0,0,0,0
MIMAT0021019,0,0,0,0,0,0,0,0
MIMAT0021020,0,0,0,0,0,0,0,0
MIMAT0021021,0,0,0,0,0,0,0,0
MIMAT0021022,0,4,0,0,0,2,2,2
MIMAT0021023,0,0,0,0,0,0,0,0
MIMAT0021024,0,0,0,0,0,0,0,0
MIMAT0021025,0,0,0,0,0,0,0,0
MIMAT0021026,0,0,0,0,0,0,0,0
MIMAT0021027,0,0,0,0,0,0,0,0
MIMAT0021028,0,0,0,0,0,0,0,0
MIMAT0021029,0,0,0,0,0,0,0,0
MIMAT0021030,0,0,0,0,0,0,0,0
MIMAT0021033,0,0,0,0,0,0,0,0
MIMAT0021034,0,0,0,0,0,0,0,0
MIMAT0021035,0,0,0,0,0,0,0,0
MIMAT0021036,0,0,0,0,0,0,0,0
MIMAT0021037,6,0,0,0,0,0,0,0
MIMAT0021038,0,0,0,0,0,0,0,0
MIMAT0021039,0,0,0,0,0,0,0,0
MIMAT0021040,0,0,0,0,0,0,0,0
MIMAT0021041,6,0,0,5,5,0,0,0
MIMAT0021042,0,0,0,0,0,0,0,0
MIMAT0021043,0,0,3,0,0,0,0,0
MIMAT0021044,0,3,3,0,0,1,0,0
MIMAT0021045,0,0,0,0,0,0,0,0
MIMAT0021046,0,0,0,0,0,0,0,0
MIMAT0021079,0,0,0,0,0,0,0,0
MIMAT0021080,0,0,0,0,0,0,0,1
MIMAT0021081,0,0,0,0,0,0,1,0
MIMAT0021082,0,0,0,0,0,0,0,0
MIMAT0021083,0,0,0,0,0,0,0,0
MIMAT0021084,0,0,0,0,0,0,0,0
MIMAT0021085,0,0,0,0,0,0,0,0
MIMAT0021086,0,0,0,0,0,0,0,0
MIMAT0021116,0,0,0,0,0,0,0,0
MIMAT0021117,0,0,0,0,0,5,0,13
MIMAT0021118,0,0,0,0,0,0,0,0
MIMAT0021119,0,0,0,0,0,0,0,0
MIMAT0021120,0,0,0,0,0,0,0,0
MIMAT0021121,0,0,0,0,0,0,0,0
MIMAT0021122,0,0,0,0,0,0,0,0
MIMAT0021123,0,0,0,0,0,0,0,0
MIMAT0021124,0,0,0,0,0,0,0,0
MIMAT0021125,0,0,0,0,0,0,0,0
MIMAT0021126,0,0,0,0,0,0,0,0
MIMAT0021127,0,0,0,0,0,0,0,0
MIMAT0021128,0,0,0,0,0,0,0,0
MIMAT0021129,0,0,3,0,5,4,0,0
MIMAT0021130,0,0,0,0,0,0,0,0
MIMAT0021131,0,0,0,0,0,0,0,0
MIMAT0022255,0,0,0,0,0,0,0,0
MIMAT0022256,0,0,0,0,0,0,0,0
MIMAT0022257,0,0,0,0,0,0,0,0
MIMAT0022258,0,0,0,0,0,0,0,0
MIMAT0022259,0,0,0,0,0,0,0,0
MIMAT0022260,0,0,0,0,0,0,0,0
MIMAT0022263,0,0,0,0,0,0,0,0
MIMAT0022264,0,0,0,0,0,0,0,0
MIMAT0022265,0,0,0,0,0,0,0,0
MIMAT0022266,0,0,0,0,0,0,0,0
MIMAT0022267,0,0,0,0,0,0,0,0
MIMAT0022268,0,0,0,0,0,0,0,0
MIMAT0022269,0,0,0,0,0,0,0,2
MIMAT0022270,0,0,0,0,0,0,0,0
MIMAT0022271,0,4,8,0,0,3,6,3
MIMAT0022272,0,0,0,0,0,0,0,0
MIMAT0022273,0,0,0,0,0,0,0,0
MIMAT0022274,0,0,0,0,0,0,0,0
MIMAT0022275,0,0,0,0,0,0,0,0
MIMAT0022276,0,0,0,0,0,0,0,0
MIMAT0022277,0,0,0,0,0,0,0,0
MIMAT0022278,0,0,0,0,0,0,0,0
MIMAT0022279,0,0,0,0,0,0,0,0
MIMAT0022280,0,0,0,0,0,0,0,0
MIMAT0022281,0,0,0,0,0,0,0,0
MIMAT0022281_1,0,0,0,0,0,0,0,0
MIMAT0022282,0,0,0,0,0,0,0,0
MIMAT0022282_1,0,0,0,0,0,0,0,0
MIMAT0022283,0,0,0,0,0,0,0,0
MIMAT0022284,0,0,0,0,0,0,0,0
MIMAT0022285,0,0,0,0,0,0,0,0
MIMAT0022286,0,0,0,0,0,0,0,0
MIMAT0022287,0,0,0,0,0,0,0,0
MIMAT0022288,0,0,0,0,0,0,0,0
MIMAT0022289,0,0,0,0,0,0,0,0
MIMAT0022290,0,0,0,0,0,0,0,0
MIMAT0022291,0,0,0,0,0,0,0,0
MIMAT0022292,0,0,0,0,0,0,0,0
MIMAT0022293,0,0,0,0,0,0,0,0
MIMAT0022294,0,0,0,0,0,0,0,0
MIMAT0022295,0,0,0,0,0,0,0,0
MIMAT0022296,0,0,0,0,0,0,0,0
MIMAT0022297,0,0,0,0,0,0,3,0
MIMAT0022298,0,0,0,0,0,0,0,0
MIMAT0022299,0,0,0,0,0,0,0,0
MIMAT0022300,0,0,0,0,0,0,0,0
MIMAT0022301,0,0,0,0,0,0,0,0
MIMAT0022302,0,0,0,0,0,0,0,0
MIMAT0022303,0,0,0,0,0,0,0,0
MIMAT0022304,0,0,0,0,0,0,0,0
MIMAT0022468,0,0,0,0,0,0,0,0
MIMAT0022469,0,0,0,0,0,0,0,0
MIMAT0022470,0,0,0,0,0,0,0,0
MIMAT0022471,0,4,0,0,0,0,0,0
MIMAT0022472,0,0,0,0,0,0,0,0
MIMAT0022473,0,0,0,0,0,0,0,0
MIMAT0022474,0,0,0,0,0,0,0,0
MIMAT0022475,0,0,0,0,0,0,0,0
MIMAT0022476,0,0,0,0,0,0,0,0
MIMAT0022476_1,0,0,0,0,0,0,0,0
MIMAT0022478,0,0,0,0,0,0,0,0
MIMAT0022479,0,0,0,0,0,0,0,0
MIMAT0022480,0,0,0,0,0,0,0,0
MIMAT0022481,0,0,0,0,0,0,0,0
MIMAT0022482,0,0,0,7,0,0,0,0
MIMAT0022483,0,0,0,0,0,0,0,0
MIMAT0022484,0,0,0,0,0,0,0,0
MIMAT0022484_1,0,0,0,0,0,0,0,0
MIMAT0022485,0,0,0,0,0,0,0,0
MIMAT0022486,0,0,0,0,0,0,0,0
MIMAT0022487,0,0,0,0,0,0,0,0
MIMAT0022488,0,0,0,0,0,0,0,0
MIMAT0022489,0,0,1,0,0,0,0,0
MIMAT0022490,0,0,0,0,0,0,1,0
MIMAT0022491,0,0,0,0,0,0,0,7
MIMAT0022492,0,0,0,1,0,2,2,0
MIMAT0022493,0,0,0,0,0,0,0,0
MIMAT0022494,0,0,0,0,0,0,0,0
MIMAT0022494_1,0,0,0,0,0,0,0,0
MIMAT0022494_2,0,0,0,0,0,0,0,0
MIMAT0022495,0,0,0,0,0,0,0,0
MIMAT0022496,0,0,0,0,0,0,0,0
MIMAT0022497,0,0,0,0,0,0,0,0
MIMAT0022498,0,0,0,0,0,0,0,0
MIMAT0022499,0,0,0,0,0,0,0,0
MIMAT0022500,0,0,0,0,0,0,0,0
MIMAT0022501,0,0,0,0,0,0,0,0
MIMAT0022502,0,0,0,0,0,0,0,0
MIMAT0022691,7,1,0,0,5,22,2,6
MIMAT0022692,0,0,0,0,0,0,0,0
MIMAT0022693,5,14,0,2,5,31,8,6
MIMAT0022694,0,0,0,0,0,0,0,0
MIMAT0022695,46,15,18,10,43,12,23,78
MIMAT0022696,0,0,6,4,0,0,0,0
MIMAT0022697,14,33,5,18,9,66,18,121
MIMAT0022698,0,0,0,0,0,0,0,0
MIMAT0022700,42,21,17,20,5,30,41,95
MIMAT0022701,5,0,3,0,0,0,0,0
MIMAT0022702,0,0,0,0,0,0,0,0
MIMAT0022702_1,0,0,0,0,0,0,0,0
MIMAT0022702_2,0,0,0,0,0,0,0,0
MIMAT0022705,0,0,4,8,6,14,3,25
MIMAT0022706,0,0,0,0,0,1,0,0
MIMAT0022707,0,0,0,0,0,0,0,0
MIMAT0022708,0,0,0,0,0,0,0,0
MIMAT0022709,0,2,2,0,0,0,0,0
MIMAT0022710,0,0,0,0,0,0,0,1
MIMAT0022711,0,0,0,0,0,0,2,0
MIMAT0022712,0,0,0,0,0,0,0,0
MIMAT0022713,0,0,2,0,2,2,0,6
MIMAT0022714,0,0,0,2,0,0,0,0
MIMAT0022717,23,11,15,32,22,76,13,33
MIMAT0022719,0,0,0,0,0,0,0,0
MIMAT0022720,0,0,0,0,0,0,0,0
MIMAT0022721,0,2,3,0,9,5,0,2
MIMAT0022722,0,0,0,0,0,0,0,0
MIMAT0022723,0,0,0,0,0,0,0,0
MIMAT0022724,0,0,0,0,0,0,0,0
MIMAT0022725,0,0,0,0,0,0,0,0
MIMAT0022726,0,11,12,2,7,8,8,24
MIMAT0022727,6,13,12,19,3,7,8,6
MIMAT0022728,0,0,0,0,0,0,0,0
MIMAT0022730,0,0,0,0,0,0,0,0
MIMAT0022731,0,0,0,0,0,0,0,0
MIMAT0022732,0,0,0,0,0,0,0,0
MIMAT0022733,0,0,0,0,0,0,0,0
MIMAT0022735,0,0,0,0,0,0,0,0
MIMAT0022736,0,0,0,0,0,0,0,0
MIMAT0022737,0,0,0,0,0,0,0,0
MIMAT0022737_1,0,0,0,0,0,0,0,0
MIMAT0022738,0,0,0,0,0,0,0,0
MIMAT0022739,0,0,0,0,0,0,0,0
MIMAT0022740,0,0,0,0,0,0,0,0
MIMAT0022741,0,0,0,0,0,0,0,0
MIMAT0022742,0,0,0,0,0,0,0,0
MIMAT0022833,0,0,0,0,2,8,1,2
MIMAT0022834,0,0,0,0,0,0,0,0
MIMAT0022838,3,0,3,7,0,0,3,12
MIMAT0022839,0,0,0,0,1,0,0,0
MIMAT0022842,0,4,5,10,6,12,5,14
MIMAT0022844,0,0,0,0,0,0,0,2
MIMAT0022861,0,0,0,0,0,0,0,2
MIMAT0022862,0,0,0,0,0,0,0,0
MIMAT0022923,0,0,2,0,0,0,0,0
MIMAT0022924,0,0,1,0,0,2,0,2
MIMAT0022925,50,31,33,50,22,47,19,93
MIMAT0022928,0,0,0,0,0,6,8,18
MIMAT0022929,4,0,3,0,0,8,2,7
MIMAT0022938,0,0,0,0,0,0,0,0
MIMAT0022939,0,0,0,0,0,0,0,0
MIMAT0022940,0,0,0,0,0,0,0,0
MIMAT0022941,0,0,0,0,0,0,0,0
MIMAT0022942,0,0,0,0,0,0,0,0
MIMAT0022943,0,0,0,0,0,0,0,0
MIMAT0022943_1,0,0,0,0,0,0,0,0
MIMAT0022945,0,0,0,0,0,0,0,0
MIMAT0022946,0,0,0,0,0,0,0,0
MIMAT0022947,0,0,0,0,0,0,0,0
MIMAT0022948,0,0,0,0,0,0,0,0
MIMAT0022965,0,0,0,0,0,0,0,0
MIMAT0022966,0,0,0,0,0,0,0,0
MIMAT0022967,0,0,0,0,0,0,0,0
MIMAT0022970,0,0,0,0,0,0,0,0
MIMAT0022975,0,0,0,0,0,0,0,0
MIMAT0022977,0,0,0,0,0,0,0,0
MIMAT0022978,0,0,0,0,0,0,0,0
MIMAT0022979,0,0,0,0,0,0,0,0
MIMAT0022984,0,0,0,0,0,0,1,0
MIMAT0023116,0,0,0,0,0,0,0,0
MIMAT0023252,0,0,0,0,0,0,0,0
MIMAT0023693,0,0,1,0,0,0,0,0
MIMAT0023694,0,0,0,0,0,0,0,0
MIMAT0023695,0,0,0,0,0,0,0,0
MIMAT0023696,0,0,0,0,0,0,2,0
MIMAT0023697,0,0,0,0,0,0,0,0
MIMAT0023698,0,0,0,0,0,0,0,0
MIMAT0023699,0,0,0,0,0,0,0,0
MIMAT0023700,0,0,0,0,0,0,0,0
MIMAT0023701,0,0,0,0,0,0,0,0
MIMAT0023702,0,0,0,0,0,0,0,0
MIMAT0023703,0,0,0,0,0,0,0,0
MIMAT0023704,0,0,0,0,0,0,0,0
MIMAT0023705,0,0,0,0,0,0,0,0
MIMAT0023706,0,0,0,0,0,0,0,0
MIMAT0023707,0,0,0,0,0,0,0,0
MIMAT0023708,0,0,0,0,0,0,0,0
MIMAT0023709,0,0,0,0,0,0,0,0
MIMAT0023710,0,0,0,0,0,0,0,0
MIMAT0023711,0,0,0,0,0,0,0,0
MIMAT0023712,0,0,0,0,0,0,0,0
MIMAT0023713,0,0,0,0,0,0,0,0
MIMAT0023714,0,0,0,0,0,0,0,0
MIMAT0023714_1,0,0,0,0,0,0,0,0
MIMAT0023715,0,0,0,0,0,0,0,0
MIMAT0024597,0,0,0,0,0,0,0,0
MIMAT0024598,0,0,0,0,0,3,0,0
MIMAT0024599,0,0,0,0,0,0,0,0
MIMAT0024610,0,0,0,0,0,0,0,0
MIMAT0024611,0,0,0,0,0,0,0,0
MIMAT0024612,0,0,0,0,0,0,0,0
MIMAT0024613,0,0,0,0,0,0,0,0
MIMAT0024614,0,0,0,0,0,0,0,1
MIMAT0024615,0,0,0,0,0,0,0,0
MIMAT0024616,0,0,0,0,0,0,0,0
MIMAT0024617,0,0,0,0,0,0,0,0
MIMAT0024618,0,0,0,0,0,0,0,0
MIMAT0024782,0,0,0,0,0,0,0,0
MIMAT0025450,0,0,0,0,0,0,1,0
MIMAT0025451,0,0,0,0,0,0,0,0
MIMAT0025452,0,0,0,0,0,0,0,0
MIMAT0025453,0,0,0,0,0,0,0,0
MIMAT0025454,0,0,0,0,0,0,0,0
MIMAT0025455,0,0,0,0,0,0,0,0
MIMAT0025456,0,0,0,0,0,0,0,0
MIMAT0025457,0,0,0,0,0,0,0,0
MIMAT0025458,0,0,0,0,0,0,0,0
MIMAT0025459,0,0,0,0,0,0,0,0
MIMAT0025460,0,0,0,0,0,0,0,0
MIMAT0025461,0,0,0,0,0,0,0,0
MIMAT0025462,0,0,0,0,0,0,0,0
MIMAT0025463,0,0,0,0,0,0,0,0
MIMAT0025464,0,0,0,0,0,0,0,0
MIMAT0025465,0,0,0,0,0,0,0,0
MIMAT0025466,0,0,0,0,0,0,0,0
MIMAT0025467,0,0,0,0,0,0,0,0
MIMAT0025468,0,0,0,0,0,0,0,0
MIMAT0025469,0,0,0,0,0,0,0,0
MIMAT0025470,5,0,0,0,0,1,7,0
MIMAT0025471,0,0,0,0,0,0,0,0
MIMAT0025472,0,0,0,0,0,0,0,0
MIMAT0025473,0,0,0,0,0,0,0,0
MIMAT0025474,0,0,1,0,0,0,0,2
MIMAT0025475,0,0,0,0,0,0,0,0
MIMAT0025476,0,0,5,0,0,0,0,0
MIMAT0025477,0,0,0,0,0,0,0,0
MIMAT0025478,0,0,0,0,0,0,0,0
MIMAT0025478_1,0,0,0,0,0,0,0,0
MIMAT0025478_2,0,0,0,0,0,0,0,0
MIMAT0025478_3,0,0,0,0,0,0,0,0
MIMAT0025479,0,0,0,0,0,0,0,0
MIMAT0025479_1,0,0,0,0,0,0,0,0
MIMAT0025479_2,0,0,0,0,0,0,0,0
MIMAT0025479_3,0,0,0,0,0,0,0,0
MIMAT0025480,0,0,0,0,0,0,3,0
MIMAT0025481,0,0,0,0,0,0,0,0
MIMAT0025482,0,0,0,0,0,0,0,0
MIMAT0025483,0,0,2,0,0,0,0,4
MIMAT0025484,12,1,0,0,2,6,1,0
MIMAT0025485,0,0,0,0,0,0,0,0
MIMAT0025486,5,0,0,0,0,0,0,0
MIMAT0025487,0,0,0,0,0,0,0,0
MIMAT0025841,0,0,0,0,0,0,0,0
MIMAT0025842,0,0,0,0,0,0,0,0
MIMAT0025843,0,0,0,0,0,0,0,0
MIMAT0025844,0,0,0,0,0,0,0,0
MIMAT0025845,6,0,0,0,0,1,1,0
MIMAT0025846,0,0,0,0,0,0,0,0
MIMAT0025847,0,0,0,0,0,0,0,0
MIMAT0025847_1,0,0,0,0,0,0,0,0
MIMAT0025848,0,0,0,0,0,0,0,0
MIMAT0025848_1,0,0,0,0,0,0,0,0
MIMAT0025849,0,0,4,0,0,0,0,0
MIMAT0025850,0,0,0,0,0,0,0,0
MIMAT0025851,0,0,0,0,0,0,0,0
MIMAT0025852,0,0,0,0,0,0,0,0
MIMAT0025853,0,0,0,0,0,0,0,0
MIMAT0025854,0,0,0,0,0,0,0,0
MIMAT0025855,0,0,0,0,0,0,0,0
MIMAT0025856,0,0,0,0,0,0,0,0
MIMAT0025856_1,0,0,0,0,0,0,0,0
MIMAT0025856_2,0,0,0,0,0,0,0,0
MIMAT0025856_3,0,0,0,0,0,0,0,0
MIMAT0025857,0,0,0,0,0,0,0,0
MIMAT0025858,0,0,0,0,0,0,0,0
MIMAT0026472,6,2,3,5,6,11,2,9
MIMAT0026473,0,0,0,0,0,0,0,0
MIMAT0026474,0,0,0,0,0,0,0,0
MIMAT0026475,0,0,0,0,0,0,0,0
MIMAT0026476,0,0,0,0,0,0,0,0
MIMAT0026477,0,2,0,0,2,5,4,12
MIMAT0026478,0,0,0,0,0,0,0,0
MIMAT0026478_1,0,0,0,0,0,0,0,0
MIMAT0026479,0,0,1,0,0,0,0,0
MIMAT0026480,0,0,0,0,0,0,0,0
MIMAT0026481,0,0,0,0,0,0,0,2
MIMAT0026482,0,0,0,0,0,0,0,0
MIMAT0026483,0,0,0,5,3,7,3,0
MIMAT0026484,0,0,0,0,0,0,0,0
MIMAT0026485,0,0,0,0,0,0,0,0
MIMAT0026486,0,0,0,0,0,0,0,0
MIMAT0026554,0,0,0,0,0,0,0,0
MIMAT0026555,0,0,0,0,0,0,0,5
MIMAT0026555_1,0,0,0,0,0,0,0,2
MIMAT0026557,0,4,0,2,0,2,3,8
MIMAT0026558,0,0,0,0,0,0,0,0
MIMAT0026559,4,0,0,0,0,8,0,6
MIMAT0026605,0,0,0,0,0,0,0,0
MIMAT0026606,0,0,0,0,0,0,0,0
MIMAT0026607,0,0,0,0,0,0,1,0
MIMAT0026608,0,0,0,0,0,0,0,0
MIMAT0026609,0,0,0,0,0,0,0,0
MIMAT0026610,0,0,0,0,0,0,0,0
MIMAT0026611,0,0,0,0,0,0,0,0
MIMAT0026612,0,0,0,0,0,0,0,0
MIMAT0026613,0,0,0,0,0,0,0,5
MIMAT0026614,0,0,0,0,5,0,1,14
MIMAT0026615,0,0,0,0,0,0,0,1
MIMAT0026616,0,0,0,0,0,0,0,0
MIMAT0026617,0,0,0,0,0,0,0,0
MIMAT0026618,0,0,0,0,0,0,0,2
MIMAT0026619,0,9,0,0,0,0,0,0
MIMAT0026620,0,0,0,0,0,0,0,0
MIMAT0026621,0,0,0,0,0,0,0,0
MIMAT0026622,0,0,0,0,0,0,0,0
MIMAT0026623,0,0,0,0,0,0,0,0
MIMAT0026624,0,0,0,0,0,0,0,0
MIMAT0026625,0,0,0,0,0,0,0,0
MIMAT0026626,0,0,0,0,0,0,0,0
MIMAT0026627,0,0,0,0,0,0,0,0
MIMAT0026636,0,0,0,0,0,0,0,0
MIMAT0026637,8,0,0,0,0,0,0,0
MIMAT0026638,0,0,0,0,0,0,0,0
MIMAT0026639,0,0,0,0,0,0,0,0
MIMAT0026640,0,0,0,0,0,0,0,0
MIMAT0026641,0,0,0,0,0,0,0,0
MIMAT0026717,0,0,0,0,0,0,0,0
MIMAT0026718,0,4,0,0,0,0,0,0
MIMAT0026719,0,0,0,0,0,0,0,0
MIMAT0026720,0,0,0,5,0,0,0,0
MIMAT0026721,0,1,0,0,0,0,0,0
MIMAT0026722,0,0,0,0,0,0,0,0
MIMAT0026734,0,0,0,0,0,0,0,5
MIMAT0026735,0,0,0,0,3,0,0,0
MIMAT0026736,4,0,0,0,0,2,1,1
MIMAT0026737,0,0,0,0,0,0,0,0
MIMAT0026738,0,0,0,0,0,0,0,0
MIMAT0026739,0,0,0,0,0,0,0,0
MIMAT0026740,0,0,0,0,0,0,0,0
MIMAT0026741,0,0,0,0,0,0,0,0
MIMAT0026742,0,0,0,0,0,0,0,0
MIMAT0026743,0,0,0,0,0,0,0,0
MIMAT0026744,0,0,0,0,0,0,0,0
MIMAT0026749,7,0,1,0,0,7,0,9
MIMAT0026765,0,0,0,0,0,0,0,0
MIMAT0026916,0,0,5,0,0,0,0,0
MIMAT0026917,0,0,0,0,0,0,0,0
MIMAT0026921,0,0,0,0,0,0,0,1
MIMAT0027026,0,0,0,0,0,0,0,0
MIMAT0027027,0,0,0,0,0,0,0,0
MIMAT0027032,0,0,0,0,0,0,0,0
MIMAT0027036,0,0,0,0,0,0,0,0
MIMAT0027037,0,0,0,0,0,0,0,0
MIMAT0027038,0,0,0,0,0,0,0,0
MIMAT0027041,0,0,0,0,0,0,0,0
MIMAT0027088,0,0,0,0,0,0,0,0
MIMAT0027103,9,3,0,0,0,0,0,0
MIMAT0027345,0,0,0,0,0,0,0,0
MIMAT0027353,0,0,0,0,0,1,0,0
MIMAT0027354,0,0,0,0,0,0,4,0
MIMAT0027355,0,3,0,0,0,0,0,0
MIMAT0027356,0,0,0,0,0,0,0,0
MIMAT0027357,0,0,0,0,0,0,0,0
MIMAT0027358,0,0,0,0,0,0,0,0
MIMAT0027359,0,2,0,0,0,0,0,4
MIMAT0027360,0,0,0,0,0,0,0,0
MIMAT0027361,0,0,0,0,0,0,0,0
MIMAT0027362,0,0,0,0,0,0,0,0
MIMAT0027363,0,0,0,0,0,0,0,0
MIMAT0027364,0,0,0,0,0,0,0,0
MIMAT0027365,0,0,0,0,0,0,0,4
MIMAT0027366,0,0,0,0,0,0,0,0
MIMAT0027367,0,0,0,0,0,0,0,0
MIMAT0027368,0,0,0,0,0,0,0,0
MIMAT0027369,2,0,0,0,0,5,1,4
MIMAT0027370,0,0,0,0,0,0,0,0
MIMAT0027371,0,0,0,0,5,0,0,0
MIMAT0027372,0,0,0,0,0,0,0,0
MIMAT0027373,0,0,0,0,0,0,0,0
MIMAT0027374,0,0,0,0,0,0,0,0
MIMAT0027375,0,0,4,0,0,0,0,0
MIMAT0027376,0,0,0,0,0,0,0,0
MIMAT0027377,0,0,0,0,0,0,0,0
MIMAT0027378,0,0,0,0,0,0,0,0
MIMAT0027379,0,0,0,0,0,0,0,0
MIMAT0027380,0,0,0,0,0,0,0,0
MIMAT0027381,2,3,0,0,2,0,0,0
MIMAT0027382,0,0,0,0,0,0,0,0
MIMAT0027383,0,5,0,2,6,5,0,1
MIMAT0027384,0,0,5,0,0,0,0,0
MIMAT0027385,0,0,0,0,0,0,0,0
MIMAT0027386,0,0,0,0,0,0,0,0
MIMAT0027387,0,0,0,0,0,0,0,0
MIMAT0027388,0,0,0,0,0,0,0,0
MIMAT0027389,0,0,0,0,0,0,3,0
MIMAT0027390,0,0,0,0,0,0,0,0
MIMAT0027391,0,0,0,0,0,0,0,0
MIMAT0027392,0,0,0,0,0,0,0,0
MIMAT0027393,0,0,0,0,0,0,0,0
MIMAT0027394,0,0,0,0,0,0,0,7
MIMAT0027395,0,0,0,0,6,0,0,0
MIMAT0027396,0,0,0,0,0,0,0,0
MIMAT0027397,0,0,0,0,0,0,0,0
MIMAT0027398,0,0,0,0,0,0,0,0
MIMAT0027399,0,0,0,0,0,0,0,0
MIMAT0027400,0,0,2,0,0,0,0,0
MIMAT0027401,0,0,0,0,0,0,0,0
MIMAT0027402,0,0,0,0,0,0,0,0
MIMAT0027403,0,0,0,0,0,0,0,0
MIMAT0027404,0,0,0,0,0,0,0,0
MIMAT0027405,0,0,0,0,0,0,0,0
MIMAT0027406,0,0,0,0,0,0,0,0
MIMAT0027407,0,0,0,0,0,0,0,0
MIMAT0027408,0,0,0,0,0,0,0,0
MIMAT0027409,0,0,0,0,0,0,0,0
MIMAT0027410,0,0,0,0,0,0,0,0
MIMAT0027411,0,0,0,0,0,0,0,0
MIMAT0027412,0,0,0,0,0,0,0,0
MIMAT0027413,0,0,0,0,0,0,0,0
MIMAT0027414,0,0,0,0,0,0,0,0
MIMAT0027415,0,0,0,0,0,0,0,0
MIMAT0027416,0,0,0,0,0,0,0,0
MIMAT0027417,0,0,0,0,0,0,0,0
MIMAT0027418,0,0,0,0,0,0,0,0
MIMAT0027419,0,0,0,0,0,0,0,0
MIMAT0027420,0,0,0,0,0,0,0,0
MIMAT0027421,0,0,0,0,0,0,0,0
MIMAT0027422,0,0,0,0,3,0,0,0
MIMAT0027423,0,0,0,0,0,0,0,0
MIMAT0027424,0,0,0,0,0,0,0,0
MIMAT0027425,0,2,0,0,0,0,0,0
MIMAT0027426,0,0,0,0,5,3,11,0
MIMAT0027427,0,0,0,0,0,0,0,0
MIMAT0027428,0,0,5,0,0,2,0,5
MIMAT0027429,0,0,0,0,0,0,0,0
MIMAT0027430,5,0,0,0,0,0,0,0
MIMAT0027431,0,0,0,0,0,0,0,0
MIMAT0027432,0,0,0,0,0,0,0,0
MIMAT0027433,0,0,0,0,0,0,0,0
MIMAT0027434,0,0,0,0,0,1,0,0
MIMAT0027435,0,0,0,0,0,0,0,0
MIMAT0027436,0,0,0,0,0,0,0,0
MIMAT0027437,0,0,0,0,0,0,0,0
MIMAT0027438,0,0,0,0,0,0,0,0
MIMAT0027439,0,0,0,0,0,0,0,0
MIMAT0027440,0,0,0,0,0,0,0,0
MIMAT0027440_1,0,0,0,0,0,0,0,0
MIMAT0027440_2,0,0,0,0,0,0,0,0
MIMAT0027441,0,0,0,0,0,0,0,0
MIMAT0027441_1,0,0,0,0,0,0,0,0
MIMAT0027441_2,0,0,0,0,0,0,0,0
MIMAT0027442,0,0,0,0,0,0,0,0
MIMAT0027443,0,0,0,0,0,0,0,0
MIMAT0027444,0,0,0,0,0,0,0,0
MIMAT0027445,0,4,0,0,0,0,0,0
MIMAT0027446,0,0,0,0,0,0,0,0
MIMAT0027447,0,0,0,0,0,0,0,0
MIMAT0027448,0,0,0,0,0,0,0,0
MIMAT0027449,0,0,0,0,0,0,0,0
MIMAT0027450,0,0,0,0,0,0,0,0
MIMAT0027451,0,0,0,0,0,0,0,0
MIMAT0027452,0,0,0,0,0,0,0,0
MIMAT0027453,0,0,0,0,0,0,0,0
MIMAT0027454,0,0,0,0,0,4,0,0
MIMAT0027455,0,0,0,0,0,0,0,0
MIMAT0027456,0,0,0,0,5,0,0,0
MIMAT0027457,0,0,0,0,0,0,0,0
MIMAT0027458,0,0,0,0,0,3,0,0
MIMAT0027459,0,0,0,0,0,0,0,0
MIMAT0027460,0,3,0,0,0,0,0,3
MIMAT0027461,0,0,0,0,0,0,0,0
MIMAT0027462,0,0,0,0,0,0,0,0
MIMAT0027463,0,0,0,0,0,0,0,0
MIMAT0027464,0,0,0,0,5,0,0,0
MIMAT0027465,0,0,0,0,0,0,0,0
MIMAT0027466,0,0,0,0,0,0,0,0
MIMAT0027467,0,0,0,0,0,0,0,0
MIMAT0027468,0,0,0,0,0,0,0,0
MIMAT0027469,0,0,0,0,0,0,0,0
MIMAT0027470,0,0,2,0,0,0,0,0
MIMAT0027471,0,0,0,0,0,0,0,0
MIMAT0027472,0,0,0,0,0,0,0,0
MIMAT0027473,5,0,0,0,0,0,0,0
MIMAT0027474,0,1,0,0,0,0,3,0
MIMAT0027475,0,0,0,0,0,0,0,0
MIMAT0027476,0,0,0,0,0,0,0,0
MIMAT0027477,0,0,0,0,0,0,0,0
MIMAT0027478,0,0,0,0,0,0,4,0
MIMAT0027479,0,0,0,0,0,0,0,6
MIMAT0027480,0,0,0,0,0,4,0,1
MIMAT0027481,0,0,0,0,0,0,0,0
MIMAT0027482,0,0,0,0,0,0,0,0
MIMAT0027483,0,0,0,0,0,0,0,0
MIMAT0027484,0,0,0,0,0,0,3,4
MIMAT0027485,0,0,0,0,0,0,0,0
MIMAT0027486,0,1,0,5,0,2,5,2
MIMAT0027487,0,0,0,0,0,0,0,0
MIMAT0027488,0,0,0,0,0,0,0,0
MIMAT0027489,0,0,0,0,0,0,0,0
MIMAT0027490,0,0,0,0,0,0,0,0
MIMAT0027491,0,0,0,0,0,0,0,0
MIMAT0027492,0,0,5,0,0,0,0,0
MIMAT0027493,0,0,0,0,0,0,0,0
MIMAT0027494,0,0,0,0,0,0,0,1
MIMAT0027495,0,0,0,0,0,0,0,0
MIMAT0027496,0,0,0,0,0,0,0,0
MIMAT0027497,0,0,0,0,0,0,0,0
MIMAT0027498,0,0,0,0,0,5,0,0
MIMAT0027499,0,0,0,0,0,0,0,0
MIMAT0027500,0,0,2,0,0,0,0,0
MIMAT0027501,0,0,0,0,0,0,0,3
MIMAT0027502,0,0,0,0,0,0,0,0
MIMAT0027503,0,0,0,0,0,0,0,1
MIMAT0027504,0,0,0,0,0,0,0,0
MIMAT0027505,0,0,0,0,0,0,0,0
MIMAT0027506,0,0,0,0,0,0,0,0
MIMAT0027507,0,0,0,0,0,0,0,0
MIMAT0027508,0,0,0,0,0,0,0,0
MIMAT0027509,0,0,0,0,0,0,0,0
MIMAT0027510,0,0,0,0,0,0,1,0
MIMAT0027511,0,0,0,0,0,0,0,0
MIMAT0027512,0,0,0,0,0,0,0,0
MIMAT0027513,0,0,0,0,0,0,0,0
MIMAT0027514,0,0,1,0,0,0,0,0
MIMAT0027515,0,0,0,0,0,0,0,0
MIMAT0027516,0,0,0,0,0,0,0,0
MIMAT0027517,0,3,0,0,0,0,0,0
MIMAT0027518,0,0,0,0,0,0,0,0
MIMAT0027519,0,0,0,0,0,0,0,0
MIMAT0027520,0,0,0,0,0,0,0,0
MIMAT0027521,0,0,0,0,0,0,0,0
MIMAT0027522,0,0,0,0,0,0,0,0
MIMAT0027523,0,0,0,0,0,0,0,0
MIMAT0027524,0,0,0,0,0,0,0,0
MIMAT0027525,0,0,0,0,3,0,0,0
MIMAT0027526,0,0,0,0,0,0,0,0
MIMAT0027527,0,0,0,0,0,0,0,0
MIMAT0027528,0,0,0,0,0,0,0,0
MIMAT0027529,0,0,0,0,0,0,0,0
MIMAT0027530,0,0,0,0,0,0,0,0
MIMAT0027531,0,0,0,0,0,0,0,0
MIMAT0027532,0,0,0,0,0,0,0,0
MIMAT0027533,0,0,0,0,0,0,1,0
MIMAT0027534,0,0,0,0,0,0,0,0
MIMAT0027535,0,0,0,0,2,0,0,0
MIMAT0027536,0,0,0,0,0,0,0,0
MIMAT0027537,0,0,0,0,0,0,0,0
MIMAT0027538,0,0,0,0,0,0,0,0
MIMAT0027539,0,0,0,0,0,0,0,0
MIMAT0027540,0,0,0,0,0,0,0,0
MIMAT0027541,0,0,0,0,0,0,0,0
MIMAT0027542,11,1,9,13,4,7,2,52
MIMAT0027543,0,0,0,0,0,0,0,0
MIMAT0027544,0,0,0,0,0,0,0,0
MIMAT0027545,0,0,0,0,0,0,0,0
MIMAT0027546,0,0,0,0,0,1,1,2
MIMAT0027547,0,0,0,0,0,0,0,0
MIMAT0027548,0,0,0,0,0,0,0,0
MIMAT0027549,0,0,0,0,0,0,0,0
MIMAT0027550,0,5,0,0,0,0,1,1
MIMAT0027551,0,0,0,0,0,0,0,0
MIMAT0027552,0,0,0,0,0,0,0,0
MIMAT0027553,0,0,0,0,0,0,0,0
MIMAT0027554,0,0,0,0,0,0,0,0
MIMAT0027555,0,0,0,0,0,0,0,0
MIMAT0027556,0,0,0,0,0,0,0,0
MIMAT0027557,0,0,0,0,0,0,0,0
MIMAT0027558,0,4,0,0,0,0,0,0
MIMAT0027559,0,0,0,0,0,0,0,0
MIMAT0027560,0,0,0,0,0,0,0,0
MIMAT0027561,0,0,0,0,0,0,0,0
MIMAT0027562,0,2,0,0,0,0,1,0
MIMAT0027563,0,0,0,0,0,0,0,0
MIMAT0027564,0,0,0,0,0,0,0,0
MIMAT0027565,0,0,0,0,0,0,0,0
MIMAT0027566,0,0,0,0,0,0,0,0
MIMAT0027567,0,0,0,0,0,0,0,0
MIMAT0027568,0,0,0,0,0,0,0,0
MIMAT0027569,0,0,0,0,0,0,0,0
MIMAT0027570,0,0,0,0,0,0,0,0
MIMAT0027571,0,0,0,0,0,0,0,0
MIMAT0027572,0,0,0,0,0,0,0,0
MIMAT0027573,0,0,0,0,0,0,0,0
MIMAT0027574,0,0,0,0,0,0,0,0
MIMAT0027575,0,0,0,0,0,0,0,0
MIMAT0027576,0,0,0,0,0,0,0,0
MIMAT0027577,0,0,0,0,0,0,0,0
MIMAT0027578,0,0,0,0,0,0,0,0
MIMAT0027579,0,0,0,0,0,0,0,0
MIMAT0027580,0,0,0,0,0,0,0,0
MIMAT0027581,0,0,0,0,0,0,0,0
MIMAT0027582,0,0,0,3,0,0,0,0
MIMAT0027583,0,0,0,0,0,3,0,0
MIMAT0027584,0,0,0,0,0,0,0,0
MIMAT0027585,0,0,0,0,0,0,0,0
MIMAT0027586,0,0,0,0,0,0,0,0
MIMAT0027587,0,0,0,0,0,0,0,0
MIMAT0027588,0,0,0,0,0,0,0,0
MIMAT0027589,0,0,0,0,0,0,0,0
MIMAT0027590,0,0,0,0,0,0,0,0
MIMAT0027591,0,0,0,0,0,0,0,0
MIMAT0027592,0,0,0,0,4,0,0,0
MIMAT0027593,0,0,0,0,0,0,0,0
MIMAT0027594,0,0,2,0,0,0,0,0
MIMAT0027595,0,0,0,0,0,0,0,0
MIMAT0027596,0,2,0,2,1,0,0,0
MIMAT0027597,0,0,0,0,0,0,0,0
MIMAT0027598,0,0,0,0,0,0,0,0
MIMAT0027599,0,0,0,0,0,0,0,0
MIMAT0027600,2,3,0,0,0,0,0,5
MIMAT0027601,0,0,0,0,0,0,1,0
MIMAT0027602,0,1,0,0,1,2,0,0
MIMAT0027603,0,0,0,0,0,0,0,0
MIMAT0027604,0,0,0,0,0,6,0,0
MIMAT0027605,0,0,0,0,0,3,0,0
MIMAT0027606,0,0,0,0,0,0,0,0
MIMAT0027607,0,0,0,0,0,0,0,0
MIMAT0027608,0,0,0,0,0,0,0,0
MIMAT0027609,0,0,0,0,0,0,0,0
MIMAT0027610,0,0,0,0,0,0,0,0
MIMAT0027611,0,5,0,0,0,0,0,0
MIMAT0027612,0,0,0,0,0,0,0,0
MIMAT0027613,0,0,0,0,0,0,0,0
MIMAT0027614,0,0,0,0,0,0,0,0
MIMAT0027615,0,0,0,0,0,0,0,3
MIMAT0027616,0,0,0,2,3,0,0,0
MIMAT0027617,0,0,0,0,0,0,0,0
MIMAT0027618,0,0,0,0,0,0,0,0
MIMAT0027618_1,0,0,0,0,0,0,0,0
MIMAT0027618_2,0,0,0,0,0,0,0,0
MIMAT0027618_3,0,0,0,0,0,0,0,0
MIMAT0027619,0,0,0,0,0,0,0,0
MIMAT0027619_1,0,0,0,0,0,0,0,0
MIMAT0027619_2,0,0,0,0,0,0,0,0
MIMAT0027619_3,0,0,0,0,0,0,0,0
MIMAT0027620,0,0,0,0,0,0,0,0
MIMAT0027621,0,0,0,0,0,0,0,0
MIMAT0027622,0,0,0,0,0,0,0,0
MIMAT0027623,0,0,0,0,0,0,0,0
MIMAT0027624,0,0,0,0,0,0,0,0
MIMAT0027625,0,0,0,0,0,0,0,0
MIMAT0027625_1,0,0,0,0,0,0,0,0
MIMAT0027626,0,0,0,0,0,0,0,0
MIMAT0027626_1,0,0,0,0,0,0,0,0
MIMAT0027627,0,0,0,0,0,0,0,0
MIMAT0027628,0,0,0,0,0,0,0,0
MIMAT0027629,0,0,0,0,0,0,0,0
MIMAT0027630,0,0,0,0,0,0,1,0
MIMAT0027631,0,0,0,0,0,0,0,0
MIMAT0027632,3,7,0,0,0,0,0,0
MIMAT0027633,0,0,0,0,0,0,0,0
MIMAT0027634,0,0,0,0,0,0,1,2
MIMAT0027635,0,0,0,0,0,0,0,0
MIMAT0027636,0,0,0,0,0,0,0,0
MIMAT0027637,16,0,3,0,0,7,0,0
MIMAT0027638,0,0,0,0,0,0,0,0
MIMAT0027639,0,0,0,0,0,0,0,0
MIMAT0027640,0,0,0,0,0,0,0,0
MIMAT0027641,0,0,0,0,0,0,0,0
MIMAT0027642,5,0,0,0,0,0,0,0
MIMAT0027643,0,0,0,0,0,0,0,0
MIMAT0027644,0,0,0,0,0,0,1,0
MIMAT0027645,0,0,0,0,0,0,0,0
MIMAT0027646,0,0,0,0,0,0,0,0
MIMAT0027647,0,0,0,0,0,0,0,0
MIMAT0027648,0,0,0,0,0,0,0,0
MIMAT0027649,0,0,0,0,0,0,0,0
MIMAT0027650,0,0,0,0,0,0,0,2
MIMAT0027651,0,0,0,0,0,0,0,0
MIMAT0027652,0,0,0,0,0,0,0,0
MIMAT0027653,0,0,0,0,0,0,0,0
MIMAT0027654,0,0,2,3,0,0,5,3
MIMAT0027655,0,0,0,0,0,0,0,0
MIMAT0027656,0,0,0,0,0,0,0,0
MIMAT0027657,0,0,0,0,0,0,0,0
MIMAT0027658,0,0,0,0,0,0,0,0
MIMAT0027659,0,0,1,0,2,2,0,0
MIMAT0027660,0,0,0,0,0,0,0,0
MIMAT0027661,0,0,0,0,0,0,0,0
MIMAT0027662,0,0,0,0,0,2,0,2
MIMAT0027663,0,0,6,0,2,0,0,0
MIMAT0027664,0,0,0,0,0,1,1,0
MIMAT0027665,0,0,0,0,0,0,0,0
MIMAT0027666,0,0,0,0,0,0,0,0
MIMAT0027667,0,0,0,0,0,0,0,0
MIMAT0027668,0,0,0,0,0,0,0,0
MIMAT0027669,0,0,0,0,0,0,3,0
MIMAT0027670,0,0,0,0,0,0,0,0
MIMAT0027671,0,0,0,0,0,0,0,0
MIMAT0027672,0,0,0,0,0,0,0,5
MIMAT0027673,0,0,0,0,0,0,0,0
MIMAT0027674,0,0,0,0,0,0,0,0
MIMAT0027675,0,0,0,0,0,0,0,0
MIMAT0027676,0,0,0,0,0,0,0,0
MIMAT0027677,0,0,0,0,0,0,0,0
MIMAT0027678,0,1,0,0,1,0,0,2
MIMAT0027679,0,0,0,0,0,0,0,0
MIMAT0027680,0,0,0,0,0,3,0,0
MIMAT0027681,0,0,0,0,0,0,0,0
MIMAT0027682,0,0,0,0,0,0,0,0
MIMAT0027683,0,0,0,0,0,0,0,0
MIMAT0027684,0,5,0,0,0,0,0,0
MIMAT0027685,0,0,0,0,0,0,0,4
MIMAT0027686,0,0,0,0,0,0,0,0
MIMAT0027687,0,0,0,0,0,0,0,0
MIMAT0027688,0,0,0,0,0,1,1,9
MIMAT0027689,0,0,0,0,0,0,0,0
MIMAT0027690,0,0,0,0,0,0,0,0
MIMAT0027691,0,0,0,0,0,0,0,0
MIMAT0028109,0,0,0,0,0,0,0,0
MIMAT0028110,0,0,0,0,0,0,0,0
MIMAT0028111,0,0,0,0,0,0,0,0
MIMAT0028112,0,0,0,0,0,0,0,0
MIMAT0028113,0,0,0,0,0,0,0,0
MIMAT0028114,0,0,0,0,0,0,0,0
MIMAT0028115,0,0,0,0,0,0,0,0
MIMAT0028116,0,0,0,0,0,0,0,0
MIMAT0028117,4,0,0,0,0,0,0,0
MIMAT0028118,0,0,0,0,0,0,0,0
MIMAT0028119,0,0,0,2,0,4,0,0
MIMAT0028120,0,0,0,0,0,0,0,0
MIMAT0028121,0,0,0,0,0,0,0,0
MIMAT0028122,0,0,0,0,0,0,0,0
MIMAT0028123,0,0,0,0,0,0,0,0
MIMAT0028124,0,0,0,0,0,0,0,0
MIMAT0028125,0,0,0,0,0,0,0,0
MIMAT0028126,0,0,0,0,0,4,0,0
MIMAT0028211,0,0,0,0,0,0,0,0
MIMAT0028212,0,0,0,0,0,0,0,0
MIMAT0028213,0,0,2,0,0,0,0,0
MIMAT0028214,0,0,0,0,0,0,0,0
MIMAT0028215,0,0,0,0,0,0,0,0
MIMAT0028216,0,0,0,0,0,0,0,0
MIMAT0028217,0,0,0,0,0,0,0,0
MIMAT0028218,0,0,0,0,0,0,0,0
MIMAT0028219,0,0,0,0,0,0,0,0
MIMAT0028220,0,3,0,0,0,0,0,0
MIMAT0028221,0,0,0,0,0,0,0,0
MIMAT0028222,0,0,0,0,0,0,0,0
MIMAT0028223,0,0,0,0,0,0,0,0
MIMAT0028224,0,0,0,0,0,0,0,0
MIMAT0028225,0,0,0,0,0,0,0,0
MIMAT0028226,0,0,0,0,0,0,0,0
MIMAT0028227,0,0,0,0,0,0,0,0
MIMAT0028228,0,0,0,0,0,0,0,0
MIMAT0028229,0,0,0,0,0,0,0,0
MIMAT0028230,0,0,0,0,0,0,0,0
MIMAT0028231,0,0,0,0,0,0,0,0
MIMAT0028232,0,0,0,0,0,0,0,0
MIMAT0028233,0,0,0,0,0,0,0,0
MIMAT0028234,0,0,0,0,0,0,0,0
MIMAT0028235,0,0,0,0,0,0,0,0
MIMAT0029310,0,0,0,0,0,0,0,0
MIMAT0029782,0,0,0,0,0,0,0,0
MIMAT0029782_1,0,0,0,0,0,0,0,0
MIMAT0030017,0,0,0,0,0,0,0,0
MIMAT0030018,0,0,0,0,0,0,0,0
MIMAT0030019,0,0,0,0,0,0,0,0
MIMAT0030020,0,0,0,0,2,0,0,0
MIMAT0030021,4,2,2,3,2,7,9,15
MIMAT0030411,0,0,0,0,0,0,0,0
MIMAT0030412,0,0,0,0,0,0,0,0
MIMAT0030413,0,0,0,0,0,0,0,5
MIMAT0030414,6,0,0,0,0,0,0,0
MIMAT0030415,0,0,0,0,0,0,0,0
MIMAT0030416,0,0,0,0,0,0,0,0
MIMAT0030417,0,0,0,0,0,1,0,7
MIMAT0030418,0,0,0,0,0,0,0,0
MIMAT0030419,0,0,0,0,0,0,0,0
MIMAT0030420,0,0,0,0,0,0,0,0
MIMAT0030421,0,0,0,0,0,0,1,0
MIMAT0030422,0,0,0,0,0,0,0,0
MIMAT0030423,0,0,0,0,0,0,0,0
MIMAT0030424,0,0,0,0,0,0,0,0
MIMAT0030425,0,0,0,0,0,0,0,0
MIMAT0030426,0,0,0,0,0,0,0,0
MIMAT0030427,0,0,0,0,0,0,0,0
MIMAT0030428,0,0,0,0,0,0,0,0
MIMAT0030429,0,0,0,0,0,0,0,0
MIMAT0030430,0,0,0,0,0,0,0,0
MIMAT0030431,0,0,0,0,0,0,0,0
MIMAT0030979,0,0,0,0,0,0,0,0
MIMAT0030980,0,0,0,0,0,0,0,0
MIMAT0030981,0,0,0,0,0,0,0,0
MIMAT0030982,0,0,0,0,0,0,0,0
MIMAT0030983,0,0,0,0,0,0,0,0
MIMAT0030984,0,0,0,0,0,0,0,0
MIMAT0030985,0,0,0,0,0,0,0,0
MIMAT0030986,0,0,0,0,0,0,0,0
MIMAT0030987,0,0,0,0,0,0,0,0
MIMAT0030988,0,0,0,0,0,0,0,0
MIMAT0030989,0,0,0,0,0,0,0,0
MIMAT0030990,0,0,0,0,0,0,0,0
MIMAT0030991,0,0,0,0,0,0,0,0
MIMAT0030992,0,0,0,0,0,0,0,0
MIMAT0030993,0,0,0,0,0,0,0,0
MIMAT0030994,0,0,0,0,0,0,0,0
MIMAT0030995,0,0,0,0,0,0,0,0
MIMAT0030996,0,0,0,0,0,0,0,0
MIMAT0030996_1,0,0,0,0,0,0,0,0
MIMAT0030997,0,0,0,0,0,0,0,0
MIMAT0030998,0,0,0,0,0,0,0,0
MIMAT0030998_1,0,0,0,0,0,0,0,0
MIMAT0030999,0,0,0,0,0,0,0,0
MIMAT0031000,0,0,0,0,0,0,0,0
MIMAT0031001,0,0,0,0,0,0,0,0
MIMAT0031002,0,0,0,0,0,0,0,0
MIMAT0031003,0,0,0,0,0,0,0,0
MIMAT0031004,0,0,0,0,0,0,0,0
MIMAT0031005,0,0,0,0,0,0,0,0
MIMAT0031006,0,0,0,0,0,0,0,0
MIMAT0031007,0,0,0,0,0,0,0,0
MIMAT0031008,0,0,0,0,0,0,0,0
MIMAT0031009,0,0,0,0,0,0,0,0
MIMAT0031010,0,0,0,0,0,0,0,0
MIMAT0031011,0,0,0,0,0,0,0,0
MIMAT0031012,0,0,0,0,0,0,0,0
MIMAT0031013,0,0,0,0,0,0,0,0
MIMAT0031014,0,0,0,0,0,0,0,0
MIMAT0031015,0,0,0,0,0,0,0,0
MIMAT0031016,0,0,0,0,0,0,0,0
MIMAT0031074,19,5,18,23,10,32,36,51
MIMAT0031095,0,0,0,0,0,0,0,0
MIMAT0031119,0,0,0,0,0,0,0,0
MIMAT0031120,0,0,0,0,0,0,0,0
MIMAT0031175,0,0,6,3,0,0,0,3
MIMAT0031176,0,0,3,0,0,0,3,2
MIMAT0031176_1,0,0,0,0,0,0,0,0
MIMAT0031177,0,0,0,0,0,0,0,0
MIMAT0031178,0,0,0,0,0,0,0,0
MIMAT0031179,0,0,0,5,0,0,0,1
MIMAT0031180,0,0,0,0,0,0,0,0
MIMAT0031181,0,0,0,0,0,0,0,0
MIMAT0031890,0,0,0,0,0,0,2,0
MIMAT0031892,0,0,0,0,0,0,0,0
MIMAT0031893,0,0,0,0,0,0,0,0
MIMAT0032026,0,0,0,0,0,0,0,0
MIMAT0032029,0,0,0,0,0,0,0,0
MIMAT0032110,0,0,0,0,0,0,0,0
MIMAT0032114,0,0,0,0,0,0,0,0
MIMAT0032115,0,0,0,0,0,0,0,0
MIMAT0032116,0,0,0,0,0,0,0,0
MIMAT0033692,0,0,0,0,0,0,0,0
MIMAT0035542,0,0,0,0,0,0,0,0
MIMAT0035703,0,0,0,0,0,0,0,0
MIMAT0035704,0,0,0,0,0,0,0,0
